sample,time_s,Target,Vel,Angle
-1000,,0.0,0.0,0.0
-999,,0.0,0.0,0.0
-998,,0.0,0.0,0.0
-997,,0.0,0.0,0.0
-996,,0.0,0.0,0.0
-995,,0.0,0.0,0.0
-994,,0.0,0.0,0.0
-993,,0.0,0.0,0.0
-992,,0.0,0.0,0.0
-991,,0.0,0.0,0.0
-990,,0.0,0.0,0.0
-989,,0.0,0.0,0.0
-988,,0.0,0.0,0.0
-987,,0.0,0.0,0.0
-986,,0.0,0.0,0.0
-985,,0.0,0.0,0.0
-984,,0.0,0.0,0.0
-983,,0.0,0.0,0.0
-982,,0.0,0.0,0.0
-981,,0.0,0.0,0.0
-980,,0.0,0.0,0.0
-979,,0.0,0.0,0.0
-978,,0.0,0.0,0.0
-977,,0.0,0.0,0.0
-976,,0.0,0.0,0.0
-975,,0.0,0.0,0.0
-974,,0.0,0.0,0.0
-973,,0.0,0.0,0.0
-972,,0.0,0.0,0.0
-971,,0.0,0.0,0.0
-970,,0.0,0.0,0.0
-969,,0.0,0.0,0.0
-968,,0.0,0.0,0.0
-967,,0.0,0.0,0.0
-966,,0.0,0.0,0.0
-965,,0.0,0.0,0.0
-964,,0.0,0.0,0.0
-963,,0.0,0.0,0.0
-962,,0.0,0.0,0.0
-961,,0.0,0.0,0.0
-960,,0.0,0.0,0.0
-959,,0.0,0.0,0.0
-958,,0.0,0.0,0.0
-957,,0.0,0.0,0.0
-956,,0.0,0.0,0.0
-955,,0.0,0.0,0.0
-954,,0.0,0.0,0.0
-953,,0.0,0.0,0.0
-952,,0.0,0.0,0.0
-951,,0.0,0.0,0.0
-950,,0.0,0.0,0.0
-949,,0.0,0.0,0.0
-948,,0.0,0.0,0.0
-947,,0.0,0.0,0.0
-946,,0.0,0.0,0.0
-945,,0.0,0.0,0.0
-944,,0.0,0.0,0.0
-943,,0.0,0.0,0.0
-942,,0.0,0.0,0.0
-941,,0.0,0.0,0.0
-940,,0.0,0.0,0.0
-939,,0.0,0.0,0.0
-938,,0.0,0.0,0.0
-937,,0.0,0.0,0.0
-936,,0.0,0.0,0.0
-935,,0.0,0.0,0.0
-934,,0.0,0.0,0.0
-933,,0.0,0.0,0.0
-932,,0.0,0.0,0.0
-931,,0.0,0.0,0.0
-930,,0.0,0.0,0.0
-929,,0.0,0.0,0.0
-928,,0.0,0.0,0.0
-927,,0.0,0.0,0.0
-926,,0.0,0.0,0.0
-925,,0.0,0.0,0.0
-924,,0.0,0.0,0.0
-923,,0.0,0.0,0.0
-922,,0.0,0.0,0.0
-921,,0.0,0.0,0.0
-920,,0.0,0.0,0.0
-919,,0.0,0.0,0.0
-918,,0.0,0.0,0.0
-917,,0.0,0.0,0.0
-916,,0.0,0.0,0.0
-915,,0.0,0.0,0.0
-914,,0.0,0.0,0.0
-913,,0.0,0.0,0.0
-912,,0.0,0.0,0.0
-911,,0.0,0.0,0.0
-910,,0.0,0.0,0.0
-909,,0.0,0.0,0.0
-908,,0.0,0.0,0.0
-907,,0.0,0.0,0.0
-906,,0.0,0.0,0.0
-905,,0.0,0.0,0.0
-904,,0.0,0.0,0.0
-903,,0.0,0.0,0.0
-902,,0.0,0.0,0.0
-901,,0.0,0.0,0.0
-900,,0.0,0.0,0.0
-899,,0.0,0.0,0.0
-898,,0.0,0.0,0.0
-897,,0.0,0.0,0.0
-896,,0.0,0.0,0.0
-895,,0.0,0.0,0.0
-894,,0.0,0.0,0.0
-893,,0.0,0.0,0.0
-892,,0.0,0.0,0.0
-891,,0.0,0.0,0.0
-890,,0.0,0.0,0.0
-889,,0.0,0.0,0.0
-888,,0.0,0.0,0.0
-887,,0.0,0.0,0.0
-886,,0.0,0.0,0.0
-885,,0.0,0.0,0.0
-884,,0.0,0.0,0.0
-883,,0.0,0.0,0.0
-882,,0.0,0.0,0.0
-881,,0.0,0.0,0.0
-880,,0.0,0.0,0.0
-879,,0.0,0.0,0.0
-878,,0.0,0.0,0.0
-877,,0.0,0.0,0.0
-876,,0.0,0.0,0.0
-875,,0.0,0.0,0.0
-874,,0.0,0.0,0.0
-873,,0.0,0.0,0.0
-872,,0.0,0.0,0.0
-871,,0.0,0.0,0.0
-870,,0.0,0.0,0.0
-869,,0.0,0.0,0.0
-868,,0.0,0.0,0.0
-867,,0.0,0.0,0.0
-866,,0.0,0.0,0.0
-865,,0.0,0.0,0.0
-864,,0.0,0.0,0.0
-863,,0.0,0.0,0.0
-862,,0.0,0.0,0.0
-861,,0.0,0.0,0.0
-860,,0.0,0.0,0.0
-859,,0.0,0.0,0.0
-858,,0.0,0.0,0.0
-857,,0.0,0.0,0.0
-856,,0.0,0.0,0.0
-855,,0.0,0.0,0.0
-854,,0.0,0.0,0.0
-853,,0.0,0.0,0.0
-852,,0.0,0.0,0.0
-851,,0.0,0.0,0.0
-850,,0.0,0.0,0.0
-849,,0.0,0.0,0.0
-848,,0.0,0.0,0.0
-847,,0.0,0.0,0.0
-846,,0.0,0.0,0.0
-845,,0.0,0.0,0.0
-844,,0.0,0.0,0.0
-843,,0.0,0.0,0.0
-842,,0.0,0.0,0.0
-841,,0.0,0.0,0.0
-840,,0.0,0.0,0.0
-839,,0.0,0.0,0.0
-838,,0.0,0.0,0.0
-837,,0.0,0.0,0.0
-836,,0.0,0.0,0.0
-835,,0.0,0.0,0.0
-834,,0.0,0.0,0.0
-833,,0.0,0.0,0.0
-832,,0.0,0.0,0.0
-831,,0.0,0.0,0.0
-830,,0.0,0.0,0.0
-829,,0.0,0.0,0.0
-828,,0.0,0.0,0.0
-827,,0.0,0.0,0.0
-826,,0.0,0.0,0.0
-825,,0.0,0.0,0.0
-824,,0.0,0.0,0.0
-823,,0.0,0.0,0.0
-822,,0.0,0.0,0.0
-821,,0.0,0.0,0.0
-820,,0.0,0.0,0.0
-819,,0.0,0.0,0.0
-818,,0.0,0.0,0.0
-817,,0.0,0.0,0.0
-816,,0.0,0.0,0.0
-815,,0.0,0.0,0.0
-814,,0.0,0.0,0.0
-813,,0.0,0.0,0.0
-812,,0.0,0.0,0.0
-811,,0.0,0.0,0.0
-810,,0.0,0.0,0.0
-809,,0.0,0.0,0.0
-808,,0.0,0.0,0.0
-807,,0.0,0.0,0.0
-806,,0.0,0.0,0.0
-805,,0.0,0.0,0.0
-804,,0.0,0.0,0.0
-803,,0.0,0.0,0.0
-802,,0.0,0.0,0.0
-801,,0.0,0.0,0.0
-800,,0.0,0.0,0.0
-799,,0.0,0.0,0.0
-798,,0.0,0.0,0.0
-797,,0.0,0.0,0.0
-796,,0.0,0.0,0.0
-795,,0.0,0.0,0.0
-794,,0.0,0.0,0.0
-793,,0.0,0.0,0.0
-792,,0.0,0.0,0.0
-791,,0.0,0.0,0.0
-790,,0.0,0.0,0.0
-789,,0.0,0.0,0.0
-788,,0.0,0.0,0.0
-787,,0.0,0.0,0.0
-786,,0.0,0.0,0.0
-785,,0.0,0.0,0.0
-784,,0.0,0.0,0.0
-783,,0.0,0.0,0.0
-782,,0.0,0.0,0.0
-781,,0.0,0.0,0.0
-780,,0.0,0.0,0.0
-779,,0.0,0.0,0.0
-778,,0.0,0.0,0.0
-777,,0.0,0.0,0.0
-776,,0.0,0.0,0.0
-775,,0.0,0.0,0.0
-774,,0.0,0.0,0.0
-773,,0.0,0.0,0.0
-772,,0.0,0.0,0.0
-771,,0.0,0.0,0.0
-770,,0.0,0.0,0.0
-769,,0.0,0.0,0.0
-768,,0.0,0.0,0.0
-767,,0.0,0.0,0.0
-766,,0.0,0.0,0.0
-765,,0.0,0.0,0.0
-764,,0.0,0.0,0.0
-763,,0.0,0.0,0.0
-762,,0.0,0.0,0.0
-761,,0.0,0.0,0.0
-760,,0.0,0.0,0.0
-759,,0.0,0.0,0.0
-758,,0.0,0.0,0.0
-757,,0.0,0.0,0.0
-756,,0.0,0.0,0.0
-755,,0.0,0.0,0.0
-754,,0.0,0.0,0.0
-753,,0.0,0.0,0.0
-752,,0.0,0.0,0.0
-751,,0.0,0.0,0.0
-750,,0.0,0.0,0.0
-749,,0.0,0.0,0.0
-748,,0.0,0.0,0.0
-747,,0.0,0.0,0.0
-746,,0.0,0.0,0.0
-745,,0.0,0.0,0.0
-744,,0.0,0.0,0.0
-743,,0.0,0.0,0.0
-742,,0.0,0.0,0.0
-741,,0.0,0.0,0.0
-740,,0.0,0.0,0.0
-739,,0.0,0.0,0.0
-738,,0.0,0.0,0.0
-737,,0.0,0.0,0.0
-736,,0.0,0.0,0.0
-735,,0.0,0.0,0.0
-734,,0.0,0.0,0.0
-733,,0.0,0.0,0.0
-732,,0.0,0.0,0.0
-731,,0.0,0.0,0.0
-730,,0.0,0.0,0.0
-729,,0.0,0.0,0.0
-728,,0.0,0.0,0.0
-727,,0.0,0.0,0.0
-726,,0.0,0.0,0.0
-725,,0.0,0.0,0.0
-724,,0.0,0.0,0.0
-723,,0.0,0.0,0.0
-722,,0.0,0.0,0.0
-721,,0.0,0.0,0.0
-720,,0.0,0.0,0.0
-719,,0.0,0.0,0.0
-718,,0.0,0.0,0.0
-717,,0.0,0.0,0.0
-716,,0.0,0.0,0.0
-715,,0.0,0.0,0.0
-714,,0.0,0.0,0.0
-713,,0.0,0.0,0.0
-712,,0.0,0.0,0.0
-711,,0.0,0.0,0.0
-710,,0.0,0.0,0.0
-709,,0.0,0.0,0.0
-708,,0.0,0.0,0.0
-707,,0.0,0.0,0.0
-706,,0.0,0.0,0.0
-705,,0.0,0.0,0.0
-704,,0.0,0.0,0.0
-703,,0.0,0.0,0.0
-702,,0.0,0.0,0.0
-701,,0.0,0.0,0.0
-700,,0.0,0.0,0.0
-699,,0.0,0.0,0.0
-698,,0.0,0.0,0.0
-697,,0.0,0.0,0.0
-696,,0.0,0.0,0.0
-695,,0.0,0.0,0.0
-694,,0.0,0.0,0.0
-693,,0.0,0.0,0.0
-692,,0.0,0.0,0.0
-691,,0.0,0.0,0.0
-690,,0.0,0.0,0.0
-689,,0.0,0.0,0.0
-688,,0.0,0.0,0.0
-687,,0.0,0.0,0.0
-686,,0.0,0.0,0.0
-685,,0.0,0.0,0.0
-684,,0.0,0.0,0.0
-683,,0.0,0.0,0.0
-682,,0.0,0.0,0.0
-681,,0.0,0.0,0.0
-680,,0.0,0.0,0.0
-679,,0.0,0.0,0.0
-678,,0.0,0.0,0.0
-677,,0.0,0.0,0.0
-676,,0.0,0.0,0.0
-675,,0.0,0.0,0.0
-674,,0.0,0.0,0.0
-673,,0.0,0.0,0.0
-672,,0.0,0.0,0.0
-671,,0.0,0.0,0.0
-670,,0.0,0.0,0.0
-669,,0.0,0.0,0.0
-668,,0.0,0.0,0.0
-667,,0.0,0.0,0.0
-666,,0.0,0.0,0.0
-665,,0.0,0.0,0.0
-664,,0.0,0.0,0.0
-663,,0.0,0.0,0.0
-662,,0.0,0.0,0.0
-661,,0.0,0.0,0.0
-660,,0.0,0.0,0.0
-659,,0.0,0.0,0.0
-658,,0.0,0.0,0.0
-657,,0.0,0.0,0.0
-656,,0.0,0.0,0.0
-655,,0.0,0.0,0.0
-654,,0.0,0.0,0.0
-653,,0.0,0.0,0.0
-652,,0.0,0.0,0.0
-651,,0.0,0.0,0.0
-650,,0.0,0.0,0.0
-649,,0.0,0.0,0.0
-648,,0.0,0.0,0.0
-647,,0.0,0.0,0.0
-646,,0.0,0.0,0.0
-645,,0.0,0.0,0.0
-644,,0.0,0.0,0.0
-643,,0.0,0.0,0.0
-642,,0.0,0.0,0.0
-641,,0.0,0.0,0.0
-640,,0.0,0.0,0.0
-639,,0.0,0.0,0.0
-638,,0.0,0.0,0.0
-637,,0.0,0.0,0.0
-636,,0.0,0.0,0.0
-635,,0.0,0.0,0.0
-634,,0.0,0.0,0.0
-633,,0.0,0.0,0.0
-632,,0.0,0.0,0.0
-631,,0.0,0.0,0.0
-630,,0.0,0.0,0.0
-629,,0.0,0.0,0.0
-628,,0.0,0.0,0.0
-627,,0.0,0.0,0.0
-626,,0.0,0.0,0.0
-625,,0.0,0.0,0.0
-624,,0.0,0.0,0.0
-623,,0.0,0.0,0.0
-622,,0.0,0.0,0.0
-621,,0.0,0.0,0.0
-620,,0.0,0.0,0.0
-619,,0.0,0.0,0.0
-618,,0.0,0.0,0.0
-617,,0.0,0.0,0.0
-616,,0.0,0.0,0.0
-615,,0.0,0.0,0.0
-614,,0.0,0.0,0.0
-613,,0.0,0.0,0.0
-612,,0.0,0.0,0.0
-611,,0.0,0.0,0.0
-610,,0.0,0.0,0.0
-609,,0.0,0.0,0.0
-608,,0.0,0.0,0.0
-607,,0.0,0.0,0.0
-606,,0.0,0.0,0.0
-605,,0.0,0.0,0.0
-604,,0.0,0.0,0.0
-603,,0.0,0.0,0.0
-602,,0.0,0.0,0.0
-601,,0.0,0.0,0.0
-600,,0.0,0.0,0.0
-599,,0.0,0.0,0.0
-598,,0.0,0.0,0.0
-597,,0.0,0.0,0.0
-596,,0.0,0.0,0.0
-595,,0.0,0.0,0.0
-594,,0.0,0.0,0.0
-593,,0.0,0.0,0.0
-592,,0.0,0.0,0.0
-591,,0.0,0.0,0.0
-590,,0.0,0.0,0.0
-589,,0.0,0.0,0.0
-588,,0.0,0.0,0.0
-587,,0.0,0.0,0.0
-586,,0.0,0.0,0.0
-585,,0.0,0.0,0.0
-584,,0.0,0.0,0.0
-583,,0.0,0.0,0.0
-582,,0.0,0.0,0.0
-581,,0.0,0.0,0.0
-580,,0.0,0.0,0.0
-579,,0.0,0.0,0.0
-578,,0.0,0.0,0.0
-577,,0.0,0.0,0.0
-576,,0.0,0.0,0.0
-575,,0.0,0.0,0.0
-574,,0.0,0.0,0.0
-573,,0.0,0.0,0.0
-572,,0.0,0.0,0.0
-571,,0.0,0.0,0.0
-570,,0.0,0.0,0.0
-569,,0.0,0.0,0.0
-568,,0.0,0.0,0.0
-567,,0.0,0.0,0.0
-566,,0.0,0.0,0.0
-565,,0.0,0.0,0.0
-564,,0.0,0.0,0.0
-563,,0.0,0.0,0.0
-562,,0.0,0.0,0.0
-561,,0.0,0.0,0.0
-560,,0.0,0.0,0.0
-559,,0.0,0.0,0.0
-558,,0.0,0.0,0.0
-557,,0.0,0.0,0.0
-556,,0.0,0.0,0.0
-555,,0.0,0.0,0.0
-554,,0.0,0.0,0.0
-553,,0.0,0.0,0.0
-552,,0.0,0.0,0.0
-551,,0.0,0.0,0.0
-550,,0.0,0.0,0.0
-549,,0.0,0.0,0.0
-548,,0.0,0.0,0.0
-547,,0.0,0.0,0.0
-546,,0.0,0.0,0.0
-545,,0.0,0.0,0.0
-544,,0.0,0.0,0.0
-543,,0.0,0.0,0.0
-542,,0.0,0.0,0.0
-541,,0.0,0.0,0.0
-540,,0.0,0.0,0.0
-539,,0.0,0.0,0.0
-538,,0.0,0.0,0.0
-537,,0.0,0.0,0.0
-536,,0.0,0.0,0.0
-535,,0.0,0.0,0.0
-534,,0.0,0.0,0.0
-533,,0.0,0.0,0.0
-532,,0.0,0.0,0.0
-531,,0.0,0.0,0.0
-530,,0.0,0.0,0.0
-529,,0.0,0.0,0.0
-528,,0.0,0.0,0.0
-527,,0.0,0.0,0.0
-526,,0.0,0.0,0.0
-525,,0.0,0.0,0.0
-524,,0.0,0.0,0.0
-523,,0.0,0.0,0.0
-522,,0.0,0.0,0.0
-521,,0.0,0.0,0.0
-520,,0.0,0.0,0.0
-519,,0.0,0.0,0.0
-518,,0.0,0.0,0.0
-517,,0.0,0.0,0.0
-516,,0.0,0.0,0.0
-515,,0.0,0.0,0.0
-514,,0.0,0.0,0.0
-513,,0.0,0.0,0.0
-512,,0.0,0.0,0.0
-511,,0.0,0.0,0.0
-510,,0.0,0.0,0.0
-509,,0.0,0.0,0.0
-508,,0.0,0.0,0.0
-507,,0.0,0.0,0.0
-506,,0.0,0.0,0.0
-505,,0.0,0.0,0.0
-504,,0.0,0.0,0.0
-503,,0.0,0.0,0.0
-502,,0.0,0.0,0.0
-501,,0.0,0.0,0.0
-500,,0.0,0.0,0.0
-499,,0.0,0.0,0.0
-498,,0.0,0.0,0.0
-497,,0.0,0.0,0.0
-496,,0.0,0.0,0.0
-495,,0.0,0.0,0.0
-494,,0.0,0.0,0.0
-493,,0.0,0.0,0.0
-492,,0.0,0.0,0.0
-491,,0.0,0.0,0.0
-490,,0.0,0.0,0.0
-489,,0.0,0.0,0.0
-488,,0.0,0.0,0.0
-487,,0.0,0.0,0.0
-486,,0.0,0.0,0.0
-485,,0.0,0.0,0.0
-484,,0.0,0.0,0.0
-483,,0.0,0.0,0.0
-482,,0.0,0.0,0.0
-481,,0.0,0.0,0.0
-480,,0.0,0.0,0.0
-479,,0.0,0.0,0.0
-478,,0.0,0.0,0.0
-477,,0.0,0.0,0.0
-476,,0.0,0.0,0.0
-475,,0.0,0.0,0.0
-474,,0.0,0.0,0.0
-473,,0.0,0.0,0.0
-472,,0.0,0.0,0.0
-471,,0.0,0.0,0.0
-470,,0.0,0.0,0.0
-469,,0.0,0.0,0.0
-468,,0.0,0.0,0.0
-467,,0.0,0.0,0.0
-466,,0.0,0.0,0.0
-465,,0.0,0.0,0.0
-464,,0.0,0.0,0.0
-463,,0.0,0.0,0.0
-462,,0.0,0.0,0.0
-461,,0.0,0.0,0.0
-460,,0.0,0.0,0.0
-459,,0.0,0.0,0.0
-458,,0.0,0.0,0.0
-457,,0.0,0.0,0.0
-456,,0.0,0.0,0.0
-455,,0.0,0.0,0.0
-454,,0.0,0.0,0.0
-453,,0.0,0.0,0.0
-452,,0.0,0.0,0.0
-451,,0.0,0.0,0.0
-450,,0.0,0.0,0.0
-449,,0.0,0.0,0.0
-448,,0.0,0.0,0.0
-447,,0.0,0.0,0.0
-446,,0.0,0.0,0.0
-445,,0.0,0.0,0.0
-444,,0.0,0.0,0.0
-443,,0.0,0.0,0.0
-442,,0.0,0.0,0.0
-441,,0.0,0.0,0.0
-440,,0.0,0.0,0.0
-439,,0.0,0.0,0.0
-438,,0.0,0.0,0.0
-437,,0.0,0.0,0.0
-436,,0.0,0.0,0.0
-435,,0.0,0.0,0.0
-434,,0.0,0.0,0.0
-433,,0.0,0.0,0.0
-432,,0.0,0.0,0.0
-431,,0.0,0.0,0.0
-430,,0.0,0.0,0.0
-429,,0.0,0.0,0.0
-428,,0.0,0.0,0.0
-427,,0.0,0.0,0.0
-426,,0.0,0.0,0.0
-425,,0.0,0.0,0.0
-424,,0.0,0.0,0.0
-423,,0.0,0.0,0.0
-422,,0.0,0.0,0.0
-421,,0.0,0.0,0.0
-420,,0.0,0.0,0.0
-419,,0.0,0.0,0.0
-418,,0.0,0.0,0.0
-417,,0.0,0.0,0.0
-416,,0.0,0.0,0.0
-415,,0.0,0.0,0.0
-414,,0.0,0.0,0.0
-413,,0.0,0.0,0.0
-412,,0.0,0.0,0.0
-411,,0.0,0.0,0.0
-410,,0.0,0.0,0.0
-409,,0.0,0.0,0.0
-408,,0.0,0.0,0.0
-407,,0.0,0.0,0.0
-406,,0.0,0.0,0.0
-405,,0.0,0.0,0.0
-404,,0.0,0.0,0.0
-403,,0.0,0.0,0.0
-402,,0.0,0.0,0.0
-401,,0.0,0.0,0.0
-400,,0.0,0.0,0.0
-399,,0.0,0.0,0.0
-398,,0.0,0.0,0.0
-397,,0.0,0.0,0.0
-396,,0.0,0.0,0.0
-395,,0.0,0.0,0.0
-394,,0.0,0.0,0.0
-393,,0.0,0.0,0.0
-392,,0.0,0.0,0.0
-391,,0.0,0.0,0.0
-390,,0.0,0.0,0.0
-389,,0.0,0.0,0.0
-388,,0.0,0.0,0.0
-387,,0.0,0.0,0.0
-386,,0.0,0.0,0.0
-385,,0.0,0.0,0.0
-384,,0.0,0.0,0.0
-383,,0.0,0.0,0.0
-382,,0.0,0.0,0.0
-381,,0.0,0.0,0.0
-380,,0.0,0.0,0.0
-379,,0.0,0.0,0.0
-378,,0.0,0.0,0.0
-377,,0.0,0.0,0.0
-376,,0.0,0.0,0.0
-375,,0.0,0.0,0.0
-374,,0.0,0.0,0.0
-373,,0.0,0.0,0.0
-372,,0.0,0.0,0.0
-371,,0.0,0.0,0.0
-370,,0.0,0.0,0.0
-369,,0.0,0.0,0.0
-368,,0.0,0.0,0.0
-367,,0.0,0.0,0.0
-366,,0.0,0.0,0.0
-365,,0.0,0.0,0.0
-364,,0.0,0.0,0.0
-363,,0.0,0.0,0.0
-362,,0.0,0.0,0.0
-361,,0.0,0.0,0.0
-360,,0.0,0.0,0.0
-359,,0.0,0.0,0.0
-358,,0.0,0.0,0.0
-357,,0.0,0.0,0.0
-356,,0.0,0.0,0.0
-355,,0.0,0.0,0.0
-354,,0.0,0.0,0.0
-353,,0.0,0.0,0.0
-352,,0.0,0.0,0.0
-351,,0.0,0.0,0.0
-350,,0.0,0.0,0.0
-349,,0.0,0.0,0.0
-348,,0.0,0.0,0.0
-347,,0.0,0.0,0.0
-346,,0.0,0.0,0.0
-345,,0.0,0.0,0.0
-344,,0.0,0.0,0.0
-343,,0.0,0.0,0.0
-342,,0.0,0.0,0.0
-341,,0.0,0.0,0.0
-340,,0.0,0.0,0.0
-339,,0.0,0.0,0.0
-338,,0.0,0.0,0.0
-337,,0.0,0.0,0.0
-336,,0.0,0.0,0.0
-335,,0.0,0.0,0.0
-334,,0.0,0.0,0.0
-333,,0.0,0.0,0.0
-332,,0.0,0.0,0.0
-331,,0.0,0.0,0.0
-330,,0.0,0.0,0.0
-329,,0.0,0.0,0.0
-328,,0.0,0.0,0.0
-327,,0.0,0.0,0.0
-326,,0.0,0.0,0.0
-325,,0.0,0.0,0.0
-324,,0.0,0.0,0.0
-323,,0.0,0.0,0.0
-322,,0.0,0.0,0.0
-321,,0.0,0.0,0.0
-320,,0.0,0.0,0.0
-319,,0.0,0.0,0.0
-318,,0.0,0.0,0.0
-317,,0.0,0.0,0.0
-316,,0.0,0.0,0.0
-315,,0.0,0.0,0.0
-314,,0.0,0.0,0.0
-313,,0.0,0.0,0.0
-312,,0.0,0.0,0.0
-311,,0.0,0.0,0.0
-310,,0.0,0.0,0.0
-309,,0.0,0.0,0.0
-308,,0.0,0.0,0.0
-307,,0.0,0.0,0.0
-306,,0.0,0.0,0.0
-305,,0.0,0.0,0.0
-304,,0.0,0.0,0.0
-303,,0.0,0.0,0.0
-302,,0.0,0.0,0.0
-301,,0.0,0.0,0.0
-300,,0.0,0.0,0.0
-299,,0.0,0.0,0.0
-298,,0.0,0.0,0.0
-297,,0.0,0.0,0.0
-296,,0.0,0.0,0.0
-295,,0.0,0.0,0.0
-294,,0.0,0.0,0.0
-293,,0.0,0.0,0.0
-292,,0.0,0.0,0.0
-291,,0.0,0.0,0.0
-290,,0.0,0.0,0.0
-289,,0.0,0.0,0.0
-288,,0.0,0.0,0.0
-287,,0.0,0.0,0.0
-286,,0.0,0.0,0.0
-285,,0.0,0.0,0.0
-284,,0.0,0.0,0.0
-283,,0.0,0.0,0.0
-282,,0.0,0.0,0.0
-281,,0.0,0.0,0.0
-280,,0.0,0.0,0.0
-279,,0.0,0.0,0.0
-278,,0.0,0.0,0.0
-277,,0.0,0.0,0.0
-276,,0.0,0.0,0.0
-275,,0.0,0.0,0.0
-274,,0.0,0.0,0.0
-273,,0.0,0.0,0.0
-272,,0.0,0.0,0.0
-271,,0.0,0.0,0.0
-270,,0.0,0.0,0.0
-269,,0.0,0.0,0.0
-268,,0.0,0.0,0.0
-267,,0.0,0.0,0.0
-266,,0.0,0.0,0.0
-265,,0.0,0.0,0.0
-264,,0.0,0.0,0.0
-263,,0.0,0.0,0.0
-262,,0.0,0.0,0.0
-261,,0.0,0.0,0.0
-260,,0.0,0.0,0.0
-259,,0.0,0.0,0.0
-258,,0.0,0.0,0.0
-257,,0.0,0.0,0.0
-256,,0.0,0.0,0.0
-255,,0.0,0.0,0.0
-254,,0.0,0.0,0.0
-253,,0.0,0.0,0.0
-252,,0.0,0.0,0.0
-251,,0.0,0.0,0.0
-250,,0.0,0.0,0.0
-249,,0.0,0.0,0.0
-248,,0.0,0.0,0.0
-247,,0.0,0.0,0.0
-246,,0.0,0.0,0.0
-245,,0.0,0.0,0.0
-244,,0.0,0.0,0.0
-243,,0.0,0.0,0.0
-242,,0.0,0.0,0.0
-241,,0.0,0.0,0.0
-240,,0.0,0.0,0.0
-239,,0.0,0.0,0.0
-238,,0.0,0.0,0.0
-237,,0.0,0.0,0.0
-236,,0.0,0.0,0.0
-235,,0.0,0.0,0.0
-234,,0.0,0.0,0.0
-233,,0.0,0.0,0.0
-232,,0.0,0.0,0.0
-231,,0.0,0.0,0.0
-230,,0.0,0.0,0.0
-229,,0.0,0.0,0.0
-228,,0.0,0.0,0.0
-227,,0.0,0.0,0.0
-226,,0.0,0.0,0.0
-225,,0.0,0.0,0.0
-224,,0.0,0.0,0.0
-223,,0.0,0.0,0.0
-222,,0.0,0.0,0.0
-221,,0.0,0.0,0.0
-220,,0.0,0.0,0.0
-219,,0.0,0.0,0.0
-218,,0.0,0.0,0.0
-217,,0.0,0.0,0.0
-216,,0.0,0.0,0.0
-215,,0.0,0.0,0.0
-214,,0.0,0.0,0.0
-213,,0.0,0.0,0.0
-212,,0.0,0.0,0.0
-211,,0.0,0.0,0.0
-210,,0.0,0.0,0.0
-209,,0.0,0.0,0.0
-208,,0.0,0.0,0.0
-207,,0.0,0.0,0.0
-206,,0.0,0.0,0.0
-205,,0.0,0.0,0.0
-204,,0.0,0.0,0.0
-203,,0.0,0.0,0.0
-202,,0.0,0.0,0.0
-201,,0.0,0.0,0.0
-200,,0.0,0.0,0.0
-199,,0.0,0.0,0.0
-198,,0.0,0.0,0.0
-197,,0.0,0.0,0.0
-196,,0.0,0.0,0.0
-195,,0.0,0.0,0.0
-194,,0.0,0.0,0.0
-193,,0.0,0.0,0.0
-192,,0.0,0.0,0.0
-191,,0.0,0.0,0.0
-190,,0.0,0.0,0.0
-189,,0.0,0.0,0.0
-188,,0.0,0.0,0.0
-187,,0.0,0.0,0.0
-186,,0.0,0.0,0.0
-185,,0.0,0.0,0.0
-184,,0.0,0.0,0.0
-183,,0.0,0.0,0.0
-182,,0.0,0.0,0.0
-181,,0.0,0.0,0.0
-180,,0.0,0.0,0.0
-179,,0.0,0.0,0.0
-178,,0.0,0.0,0.0
-177,,0.0,0.0,0.0
-176,,0.0,0.0,0.0
-175,,0.0,0.0,0.0
-174,,0.0,0.0,0.0
-173,,0.0,0.0,0.0
-172,,0.0,0.0,0.0
-171,,0.0,0.0,0.0
-170,,0.0,0.0,0.0
-169,,0.0,0.0,0.0
-168,,0.0,0.0,0.0
-167,,0.0,0.0,0.0
-166,,0.0,0.0,0.0
-165,,0.0,0.0,0.0
-164,,0.0,0.0,0.0
-163,,0.0,0.0,0.0
-162,,0.0,0.0,0.0
-161,,0.0,0.0,0.0
-160,,0.0,0.0,0.0
-159,,0.0,0.0,0.0
-158,,0.0,0.0,0.0
-157,,0.0,0.0,0.0
-156,,0.0,0.0,0.0
-155,,0.0,0.0,0.0
-154,,0.0,0.0,0.0
-153,,0.0,0.0,0.0
-152,,0.0,0.0,0.0
-151,,0.0,0.0,0.0
-150,,0.0,0.0,0.0
-149,,0.0,0.0,0.0
-148,,0.0,0.0,0.0
-147,,0.0,0.0,0.0
-146,,0.0,0.0,0.0
-145,,0.0,0.0,0.0
-144,,0.0,0.0,0.0
-143,,0.0,0.0,0.0
-142,,0.0,0.0,0.0
-141,,0.0,0.0,0.0
-140,,0.0,0.0607,-0.2194
-139,,0.0,0.0848,-0.1411
-138,,0.0,-0.1149,0.2684
-137,,0.0,0.042,-0.1825
-136,,0.0,0.0199,0.3175
-135,,0.0,0.0187,-0.2102
-134,,0.0,0.073,-0.1519
-133,,0.0,-0.001,0.3037
-132,,0.0,-0.0035,0.2991
-131,,0.0,0.0453,0.2899
-130,,0.0,0.0572,0.2761
-129,,0.0,0.0183,0.2577
-128,,0.0,-0.7296,0.1933
-127,,0.0,0.0,-0.224
-126,,0.0,0.1243,-0.2194
-125,,0.0,4.9897,0.6734
-124,,0.0,-13.4315,1.0538
-123,,0.0,0.2058,-3.3257
-122,,0.0,4.1749,-0.0077
-121,,0.0,-0.0304,1.6398
-120,,0.0,-1.7942,2.413
-119,,0.0,-0.0262,-1.6322
-118,,0.0,0.0727,-1.5033
-117,,0.0,5.9555,0.3451
-116,,0.0,-0.2013,1.2257
-115,,0.0,-0.1295,1.1106
-114,,0.0,-0.0817,0.2592
-113,,0.0,-4.6759,0.0506
-112,,0.0,0.0,-0.2286
-111,,0.0,-0.017,-0.2255
-110,,0.0,0.0039,-0.2163
-109,,0.0,0.0,-0.2117
-108,,0.0,0.0,-0.204
-107,,0.0,0.0,-0.1979
-106,,0.0,-0.0597,-0.1917
-105,,0.0,0.0,-0.1841
-104,,0.0,0.0247,-0.1764
-103,,0.0,0.0,-0.1703
-102,,0.0,0.0001,-0.1626
-101,,0.0,-0.0864,-0.1534
-100,,0.0,0.0,-0.1442
-99,,0.0,0.0586,-0.1273
-98,,0.0,-0.0,0.3405
-97,,0.0,-0.001,0.3344
-96,,0.0,-0.1007,0.3252
-95,,0.0,-0.0003,0.316
-94,,1.5708,0.0198,0.3267
-93,,1.5708,0.0,1.6797
-92,,1.5708,0.0,1.6797
-91,,1.5708,-0.0,1.6782
-90,,1.5708,-0.0601,2.7228
-89,,1.5708,-0.225,2.5111
-88,,1.5708,-1.9581,1.5631
-87,,1.5708,0.008,1.1091
-86,,1.5708,-0.0372,2.0586
-85,,1.5708,-0.0,1.5739
-84,,1.5708,-0.0,1.5647
-83,,1.5708,-1.7722,-0.0614
-82,,1.5708,4.9544,0.3513
-81,,1.5708,0.0,1.6797
-80,,1.5708,-0.0,1.6782
-79,,1.5708,0.0196,1.6766
-78,,1.5708,0.0598,1.6751
-77,,1.5708,-0.0003,1.672
-76,,1.5708,-0.0004,1.6659
-75,,1.5708,-0.0,1.6598
-74,,1.5708,-0.0,1.6521
-73,,1.5708,-6.6531,2.097
-72,,1.5708,0.1086,1.1229
-71,,1.5708,5.4192,2.1292
-70,,1.5708,2.0228,3.0296
-69,,1.5708,0.0107,0.6995
-68,,1.5708,3.8989,1.1904
-67,,1.5708,-0.2429,2.9683
-66,,1.5708,1.3642,4.1586
-65,,1.5708,-15.8091,-5.2508
-64,,1.5708,0.131,-9.592
-63,,1.5708,13.1722,-2.7305
-62,,1.5708,-0.0963,5.2431
-61,,1.5708,-7.7567,1.1382
-60,,1.5708,0.2594,0.3543
-59,,1.5708,-0.0,1.6858
-58,,1.5708,-0.0,1.6812
-57,,1.5708,3.0833,3.1876
-56,,1.5708,-1.6038,0.293
-55,,1.5708,-2.275,0.2301
-54,,1.5708,9.0121,5.5975
-53,,1.5708,-6.1252,6.6053
-52,,1.5708,0.0804,-0.2163
-51,,1.5708,0.8571,1.7135
-50,,-1.5708,-0.3388,2.0448
-49,,-1.5708,0.021,-2.8793
-48,,-1.5708,0.1272,-1.4665
-47,,-1.5708,-0.0,-1.4696
-46,,-1.5708,0.0211,-1.4726
-45,,1.5708,2.961,2.6461
-44,,1.5708,-6.2565,2.4375
-43,,-1.5708,0.0212,-2.8777
-42,,1.5708,7.4282,-1.1858
-41,,1.5708,-0.1575,2.9836
-40,,1.5708,-0.0012,0.698
-39,,1.5708,0.5649,0.8912
-38,,1.5708,0.0368,1.6598
-37,,1.5708,0.0001,1.6567
-36,,1.5708,-0.0,1.6521
-35,,1.5708,-0.0019,1.6475
-34,,1.5708,0.0454,1.6429
-33,,1.5708,-0.0001,1.6368
-32,,1.5708,-0.0,1.6368
-31,,1.5708,-0.0,1.6352
-30,,1.5708,-0.0,1.6352
-29,,-1.5708,-0.1585,1.6061
-28,,-1.5708,-1.2593,-0.2531
-27,,-1.5708,0.0091,-2.8762
-26,,-1.5708,0.0081,-2.8624
-25,,-1.5708,0.0023,-2.8379
-24,,-1.5708,0.1007,-2.8057
-23,,-1.5708,0.0003,-1.4803
-22,,-1.5708,-0.0,-1.4803
-21,,-1.5708,-0.0,-1.4803
-20,,1.5708,0.047,-1.4757
-19,,1.5708,3.2952,2.6047
-18,,1.5708,-0.1273,3.002
-17,,1.5708,-0.0191,2.9575
-16,,1.5708,-6.2053,2.0295
-15,,1.5708,0.0015,0.2807
-14,,1.5708,0.0358,0.3083
-13,,-1.5708,-0.011,0.2777
-12,,-1.5708,-2.7255,-2.4344
-11,,-1.5708,0.0081,-2.8609
-10,,-1.5708,0.0069,-2.8241
-9,,-1.5708,2.5215,-1.6981
-8,,-1.5708,0.0238,-1.4772
-7,,-1.5708,-0.0,-1.4788
-6,,-1.5708,0.0,-1.5156
-5,,-1.5708,0.0,-1.5156
-4,,-1.5708,0.0,-1.5156
-3,,-1.5708,0.0,-1.5156
-2,,-1.5708,0.0,-1.5156
-1,,-1.5708,0.0,-1.5156
