sample,t_s,ms,meta,the,thc,tho,dth,we,wo,iq
0,0.0,52328.0,enc/off/vf=off/lk=0,3.47,3.47,0.0,0.0,0.0,0.0,0.0
1,0.05,52378.0,enc/off/vf=off/lk=0,3.47,3.47,0.0,0.0,0.0,0.0,0.0
2,0.101,52429.0,enc/off/vf=off/lk=0,3.47,3.47,0.0,0.0,0.0,0.0,0.0
3,0.151,52479.0,enc/off/vf=off/lk=0,3.47,3.47,0.0,0.0,0.0,0.0,0.0
4,0.201,52529.0,enc/off/vf=off/lk=0,3.47,3.47,0.0,0.0,0.0,0.0,0.0
5,0.251,52579.0,enc/off/vf=off/lk=0,3.47,3.47,0.0,0.0,0.0,0.0,0.0
6,0.301,52629.0,enc/off/vf=off/lk=0,3.47,3.47,0.0,0.0,0.0,0.0,0.0
7,0.351,52679.0,enc/off/vf=off/lk=0,3.47,3.47,0.0,0.0,0.0,0.0,0.0
8,0.401,52729.0,enc/off/vf=off/lk=0,3.47,3.47,0.0,0.0,0.0,0.0,0.0
9,0.451,52779.0,enc/off/vf=off/lk=0,3.47,3.47,0.0,0.0,0.0,0.0,0.0
10,0.501,52829.0,enc/off/vf=off/lk=0,3.47,3.47,0.0,0.0,0.0,0.0,0.0
11,0.551,52879.0,enc/off/vf=off/lk=0,3.47,3.47,0.0,0.0,0.0,0.0,0.0
12,0.601,52929.0,enc/off/vf=off/lk=0,3.47,3.47,0.0,0.0,0.0,0.0,0.0
13,0.651,52979.0,enc/off/vf=off/lk=0,3.47,3.47,0.0,0.0,0.0,0.0,0.0
14,0.701,53029.0,enc/off/vf=off/lk=0,3.47,3.47,0.0,0.0,0.0,0.0,0.0
15,0.751,53079.0,enc/off/vf=off/lk=0,3.47,3.47,0.0,0.0,0.0,0.0,0.0
16,0.801,53129.0,enc/off/vf=off/lk=0,3.47,3.47,0.0,0.0,0.0,0.0,0.0
17,0.851,53179.0,enc/off/vf=off/lk=0,3.47,3.47,0.0,0.0,0.0,0.0,0.0
18,0.901,53229.0,enc/off/vf=off/lk=0,3.47,3.47,0.0,0.0,0.0,0.0,0.0
19,0.951,53279.0,enc/off/vf=off/lk=0,3.47,3.47,0.0,0.0,0.0,0.0,0.0
20,1.001,53329.0,enc/off/vf=off/lk=0,3.47,3.47,0.0,0.0,0.0,0.0,0.0
21,1.051,53379.0,enc/off/vf=off/lk=0,3.47,3.47,0.0,0.0,0.0,0.0,0.0
22,1.101,53429.0,enc/off/vf=off/lk=0,3.47,3.47,0.0,0.0,0.0,0.0,0.0
23,1.151,53479.0,enc/off/vf=off/lk=0,3.47,3.47,0.0,0.0,0.0,0.0,0.0
24,1.201,53529.0,enc/off/vf=off/lk=0,3.47,3.47,0.0,0.0,0.0,0.0,0.0
25,1.251,53579.0,enc/off/vf=off/lk=0,3.47,3.47,0.0,0.0,0.0,0.0,0.0
26,1.301,53629.0,enc/off/vf=off/lk=0,3.47,3.47,0.0,0.0,0.0,0.0,0.0
27,1.351,53679.0,enc/off/vf=off/lk=0,3.47,3.47,0.0,0.0,0.0,0.0,0.0
28,1.401,53729.0,enc/off/vf=off/lk=0,3.47,3.47,0.0,0.0,0.0,0.0,0.0
29,1.451,53779.0,enc/off/vf=off/lk=0,3.47,3.47,0.0,0.0,0.0,0.0,0.0
30,1.501,53829.0,enc/off/vf=off/lk=0,3.47,3.47,0.0,0.0,0.0,0.0,0.0
31,1.551,53879.0,enc/off/vf=off/lk=0,3.47,3.47,0.0,0.0,0.0,0.0,0.0
32,1.601,53929.0,enc/off/vf=off/lk=0,3.468,3.468,0.0,0.0,0.0,0.0,0.0
33,1.651,53979.0,enc/off/vf=off/lk=0,3.47,3.47,0.0,0.0,0.0,0.0,0.0
34,1.701,54029.0,vf/smo/vf=on/lk=0,3.468,0.004,-0.471,-2.344,0.0,0.203,0.0
35,1.751,54079.0,vf/smo/vf=on/lk=0,3.468,0.027,-0.457,-2.358,0.0,0.414,0.0
36,1.801,54129.0,vf/smo/vf=on/lk=0,3.468,0.07,-0.436,-2.379,0.0,0.581,0.0
37,1.851,54179.0,vf/smo/vf=on/lk=0,3.468,0.132,-0.407,-2.408,0.0,0.689,0.0
38,1.901,54229.0,vf/smo/vf=on/lk=0,3.468,0.215,-0.368,-2.447,0.0,0.82,0.0
39,1.951,54279.0,vf/smo/vf=on/lk=0,3.468,0.318,-0.319,-2.496,0.0,1.059,0.0
40,2.001,54329.0,vf/smo/vf=on/lk=0,3.468,0.441,-0.262,-2.553,0.0,1.168,0.0
41,2.051,54379.0,vf/smo/vf=on/lk=0,3.468,-0.314,-0.2,-2.615,0.0,1.28,0.0
42,2.101,54429.0,vf/smo/vf=on/lk=0,3.468,-0.152,-0.134,-2.68,0.0,1.293,0.0
43,2.151,54479.0,vf/smo/vf=on/lk=0,3.468,0.032,-0.07,-2.745,0.0,1.196,0.0
44,2.201,54529.0,vf/smo/vf=on/lk=0,3.468,0.234,-0.909,-1.906,0.0,1.05,0.0
45,2.251,54579.0,vf/smo/vf=on/lk=0,3.468,-0.44,-0.86,-1.955,0.0,0.911,0.0
46,2.301,54629.0,vf/smo/vf=on/lk=0,3.468,-0.198,-0.822,-1.992,0.0,0.696,0.0
47,2.351,54679.0,vf/smo/vf=on/lk=0,3.468,0.065,-0.794,-2.021,0.0,0.427,0.0
48,2.401,54729.0,vf/smo/vf=on/lk=0,3.468,0.347,-0.776,-2.039,0.0,0.229,0.0
49,2.451,54779.0,vf/smo/vf=on/lk=0,3.468,-0.246,-0.767,-2.048,0.0,0.126,0.0
50,2.501,54829.0,vf/smo/vf=on/lk=0,3.468,0.076,-0.769,-2.046,0.0,-0.111,0.0
51,2.551,54879.0,vf/smo/vf=on/lk=0,3.468,0.418,-0.78,-2.035,0.0,-0.339,0.0
52,2.601,54929.0,vf/smo/vf=on/lk=0,3.468,-0.116,-0.8,-2.015,0.0,-0.473,0.0
53,2.651,54979.0,vf/smo/vf=on/lk=0,3.468,0.267,-0.829,-1.986,0.0,-0.585,0.0
54,2.701,55029.0,vf/smo/vf=on/lk=0,3.468,-0.229,-0.866,-1.949,0.0,-0.762,0.0
55,2.751,55079.0,vf/smo/vf=on/lk=0,3.468,0.193,-0.908,-1.907,0.0,-0.863,0.0
56,2.801,55129.0,vf/smo/vf=on/lk=0,3.468,-0.261,-0.056,-2.759,0.0,-0.859,0.0
57,2.851,55179.0,vf/smo/vf=on/lk=0,3.468,0.201,-0.1,-2.715,0.0,-0.797,0.0
58,2.901,55229.0,vf/smo/vf=on/lk=0,3.468,-0.213,-0.144,-2.671,0.0,-0.836,0.0
59,2.951,55279.0,vf/smo/vf=on/lk=0,3.468,0.291,-0.181,-2.634,0.0,-0.734,0.0
60,3.001,55329.0,vf/smo/vf=on/lk=0,3.468,-0.086,-0.211,-2.604,0.0,-0.608,0.0
61,3.051,55379.0,vf/smo/vf=on/lk=0,3.468,-0.44,-0.234,-2.581,0.0,-0.408,0.0
62,3.101,55429.0,vf/smo/vf=on/lk=0,3.468,0.124,-0.249,-2.565,0.0,-0.177,0.0
63,3.151,55479.0,vf/smo/vf=on/lk=0,3.468,-0.19,-0.256,-2.559,0.0,-0.024,0.0
64,3.201,55529.0,vf/smo/vf=on/lk=0,3.468,0.41,-0.255,-2.56,0.0,0.142,0.0
65,3.251,55579.0,vf/smo/vf=on/lk=0,3.468,0.136,-0.245,-2.57,0.0,0.256,0.0
66,3.301,55629.0,vf/smo/vf=on/lk=0,3.468,-0.118,-0.227,-2.587,0.0,0.432,0.0
67,3.351,55679.0,vf/smo/vf=on/lk=0,3.468,-0.355,-0.205,-2.61,0.0,0.496,0.0
68,3.401,55729.0,vf/smo/vf=on/lk=0,3.468,0.328,-0.176,-2.639,0.0,0.629,0.0
69,3.451,55779.0,vf/smo/vf=on/lk=0,3.468,0.135,-0.145,-2.67,0.0,0.698,0.0
70,3.501,55829.0,vf/smo/vf=on/lk=0,3.468,-0.039,-0.113,-2.702,0.0,0.542,0.0
71,3.551,55879.0,vf/smo/vf=on/lk=0,3.468,-0.195,-0.083,-2.732,0.0,0.616,0.0
72,3.601,55929.0,vf/smo/vf=on/lk=0,3.468,-0.332,-0.057,-2.758,0.0,0.51,0.0
73,3.651,55979.0,vf/smo/vf=on/lk=0,3.468,-0.444,-0.035,-2.78,0.0,0.384,0.0
74,3.701,56029.0,vf/smo/vf=on/lk=0,3.468,0.358,-0.917,-1.898,0.0,0.302,0.0
75,3.751,56079.0,vf/smo/vf=on/lk=0,3.468,0.286,-0.907,-1.908,0.0,0.176,0.0
76,3.801,56129.0,vf/smo/vf=on/lk=0,3.468,0.228,-0.906,-1.909,0.0,-0.075,0.0
77,3.851,56179.0,vf/smo/vf=on/lk=0,3.468,0.193,-0.909,-1.906,0.0,-0.153,0.0
78,3.901,56229.0,vf/smo/vf=on/lk=0,3.468,0.18,-0.918,-1.897,0.0,-0.27,0.0
79,3.951,56279.0,vf/smo/vf=on/lk=0,3.468,0.186,-0.036,-2.779,0.0,-0.234,0.0
80,4.001,56329.0,vf/smo/vf=on/lk=0,3.468,0.209,-0.055,-2.76,0.0,-0.377,0.0
81,4.051,56379.0,vf/smo/vf=on/lk=0,3.468,0.254,-0.077,-2.738,0.0,-0.495,0.0
82,4.101,56429.0,vf/smo/vf=on/lk=0,3.468,0.318,-0.099,-2.716,0.0,-0.385,0.0
83,4.151,56479.0,vf/smo/vf=on/lk=0,3.468,0.402,-0.12,-2.695,0.0,-0.489,0.0
84,4.201,56529.0,vf/smo/vf=on/lk=0,3.468,-0.389,-0.139,-2.676,0.0,-0.329,0.0
85,4.251,56579.0,vf/smo/vf=on/lk=0,3.468,-0.264,-0.155,-2.66,0.0,-0.22,0.0
86,4.301,56629.0,vf/smo/vf=on/lk=0,3.468,-0.122,-0.166,-2.649,0.0,-0.078,0.0
87,4.351,56679.0,vf/smo/vf=on/lk=0,3.468,0.048,-0.173,-2.642,0.0,-0.068,0.0
88,4.401,56729.0,vf/smo/vf=on/lk=0,3.468,0.231,-0.177,-2.638,0.0,0.006,0.0
89,4.451,56779.0,vf/smo/vf=on/lk=0,3.468,0.438,-0.175,-2.64,0.0,0.045,0.0
90,4.501,56829.0,vf/smo/vf=on/lk=0,3.468,-0.232,-0.169,-2.646,0.0,0.151,0.0
91,4.551,56879.0,vf/smo/vf=on/lk=0,3.468,0.008,-0.159,-2.655,0.0,0.239,0.0
92,4.601,56929.0,vf/smo/vf=on/lk=0,3.468,0.274,-0.149,-2.665,0.0,0.249,0.0
93,4.651,56979.0,vf/smo/vf=on/lk=0,3.468,-0.34,-0.138,-2.677,0.0,0.267,0.0
94,4.701,57029.0,vf/smo/vf=on/lk=0,3.468,-0.029,-0.124,-2.69,0.0,0.209,0.0
95,4.751,57079.0,vf/smo/vf=on/lk=0,3.468,0.293,-0.111,-2.704,0.0,0.445,0.0
96,4.801,57129.0,vf/smo/vf=on/lk=0,3.468,-0.262,-0.098,-2.717,0.0,0.234,0.0
97,4.851,57179.0,vf/smo/vf=on/lk=0,3.468,0.108,-0.087,-2.728,0.0,0.248,0.0
98,4.901,57229.0,vf/smo/vf=on/lk=0,3.468,-0.407,-0.078,-2.737,0.0,0.096,0.0
99,4.951,57279.0,vf/smo/vf=on/lk=0,3.468,0.003,-0.071,-2.743,0.0,0.097,0.0
100,5.001,57329.0,vf/smo/vf=on/lk=0,3.468,0.425,-0.069,-2.746,0.0,0.024,0.0
101,5.051,57379.0,vf/smo/vf=on/lk=0,3.468,-0.032,-0.067,-2.748,0.0,0.019,0.0
102,5.101,57429.0,vf/smo/vf=on/lk=0,3.468,0.439,-0.068,-2.747,0.0,-0.064,0.0
103,5.151,57479.0,vf/smo/vf=on/lk=0,3.468,0.023,-0.071,-2.744,0.0,0.024,0.0
104,5.201,57529.0,vf/smo/vf=on/lk=0,3.468,-0.364,-0.08,-2.735,0.0,-0.073,0.0
105,5.251,57579.0,vf/smo/vf=on/lk=0,3.468,0.16,-0.089,-2.725,0.0,-0.178,0.0
106,5.301,57629.0,vf/smo/vf=on/lk=0,3.468,-0.199,-0.099,-2.716,0.0,0.048,0.0
107,5.351,57679.0,vf/smo/vf=on/lk=0,3.468,0.367,-0.109,-2.706,0.0,-0.18,0.0
108,5.401,57729.0,vf/smo/vf=on/lk=0,3.468,0.06,-0.118,-2.696,0.0,-0.175,0.0
109,5.451,57779.0,vf/smo/vf=on/lk=0,3.468,-0.236,-0.127,-2.688,0.0,-0.039,0.0
110,5.501,57829.0,vf/smo/vf=on/lk=0,3.468,0.391,-0.132,-2.682,0.0,-0.01,0.0
111,5.551,57879.0,vf/smo/vf=on/lk=0,3.468,0.137,-0.139,-2.676,0.0,-0.163,0.0
112,5.601,57929.0,vf/smo/vf=on/lk=0,3.468,-0.093,-0.143,-2.671,0.0,-0.14,0.0
113,5.651,57979.0,vf/smo/vf=on/lk=0,3.468,-0.309,-0.146,-2.669,0.0,-0.022,0.0
114,5.701,58029.0,vf/smo/vf=on/lk=0,3.468,0.401,-0.147,-2.668,0.0,-0.001,0.0
115,5.751,58079.0,vf/smo/vf=on/lk=0,3.468,0.226,-0.143,-2.671,0.0,0.102,0.0
116,5.801,58129.0,vf/smo/vf=on/lk=0,3.468,0.079,-0.14,-2.675,0.0,0.216,0.0
117,5.851,58179.0,vf/smo/vf=on/lk=0,3.468,-0.053,-0.133,-2.682,0.0,0.05,0.0
118,5.901,58229.0,vf/smo/vf=on/lk=0,3.468,-0.168,-0.125,-2.69,0.0,0.079,0.0
119,5.951,58279.0,vf/smo/vf=on/lk=0,3.468,-0.259,-0.119,-2.695,0.0,0.126,0.0
120,6.001,58329.0,vf/smo/vf=on/lk=0,3.468,-0.334,-0.115,-2.7,0.0,0.183,0.0
121,6.051,58379.0,vf/smo/vf=on/lk=0,3.468,-0.387,-0.11,-2.705,0.0,0.082,0.0
122,6.101,58429.0,vf/smo/vf=on/lk=0,3.468,-0.421,-0.102,-2.713,0.0,0.073,0.0
123,6.151,58479.0,vf/smo/vf=on/lk=0,3.468,-0.428,-0.096,-2.718,0.0,0.454,0.0
124,6.201,58529.0,vf/smo/vf=on/lk=0,3.468,-0.427,-0.093,-2.722,0.0,0.071,0.0
125,6.251,58579.0,vf/smo/vf=on/lk=0,3.468,-0.392,-0.089,-2.726,0.0,-0.021,0.0
126,6.301,58629.0,vf/smo/vf=on/lk=0,3.468,-0.345,-0.087,-2.728,0.0,0.099,0.0
127,6.351,58679.0,vf/smo/vf=on/lk=0,3.468,-0.279,-0.086,-2.729,0.0,0.149,0.0
128,6.401,58729.0,vf/smo/vf=on/lk=0,3.468,-0.196,-0.086,-2.729,0.0,0.056,0.0
129,6.451,58779.0,vf/smo/vf=on/lk=0,3.468,-0.08,-0.087,-2.728,0.0,-0.062,0.0
130,6.501,58829.0,vf/smo/vf=on/lk=0,3.468,0.045,-0.088,-2.727,0.0,-0.044,0.0
131,6.551,58879.0,vf/smo/vf=on/lk=0,3.468,0.189,-0.09,-2.725,0.0,-0.03,0.0
132,6.601,58929.0,vf/smo/vf=on/lk=0,3.468,0.352,-0.093,-2.722,0.0,-0.098,0.0
133,6.651,58979.0,vf/smo/vf=on/lk=0,3.468,-0.349,-0.098,-2.717,0.0,-0.068,0.0
134,6.701,59029.0,vf/smo/vf=on/lk=0,3.468,-0.147,-0.101,-2.714,0.0,-0.131,0.0
135,6.751,59079.0,vf/smo/vf=on/lk=0,3.468,0.055,-0.104,-2.711,0.0,-0.155,0.0
136,6.801,59129.0,vf/smo/vf=on/lk=0,3.468,0.256,-0.108,-2.707,0.0,-0.101,0.0
137,6.851,59179.0,vf/smo/vf=on/lk=0,3.468,-0.428,-0.113,-2.701,0.0,-0.124,0.0
138,6.901,59229.0,vf/smo/vf=on/lk=0,3.468,-0.225,-0.117,-2.698,0.0,0.013,0.0
139,6.951,59279.0,vf/smo/vf=on/lk=0,3.468,-0.023,-0.121,-2.694,0.0,-0.005,0.0
140,7.001,59329.0,vf/smo/vf=on/lk=0,3.468,0.18,-0.124,-2.691,0.0,-0.068,0.0
141,7.051,59379.0,vf/smo/vf=on/lk=0,3.468,0.381,-0.125,-2.69,0.0,-0.038,0.0
142,7.101,59429.0,vf/smo/vf=on/lk=0,3.468,-0.303,-0.126,-2.689,0.0,-0.155,0.0
143,7.151,59479.0,vf/smo/vf=on/lk=0,3.468,-0.1,-0.125,-2.69,0.0,0.058,0.0
144,7.201,59529.0,vf/smo/vf=on/lk=0,3.468,0.101,-0.123,-2.692,0.0,-0.007,0.0
145,7.251,59579.0,vf/smo/vf=on/lk=0,3.468,0.315,-0.12,-2.695,0.0,0.008,0.0
146,7.301,59629.0,vf/smo/vf=on/lk=0,3.468,-0.393,-0.115,-2.699,0.0,-0.049,0.0
147,7.351,59679.0,vf/smo/vf=on/lk=0,3.468,-0.185,-0.111,-2.704,0.0,0.105,0.0
148,7.401,59729.0,vf/smo/vf=on/lk=0,3.468,0.021,-0.105,-2.71,0.0,0.203,0.0
149,7.451,59779.0,vf/smo/vf=on/lk=0,3.468,0.236,-0.1,-2.715,0.0,0.087,0.0
150,7.501,59829.0,vf/smo/vf=on/lk=0,3.468,0.429,-0.098,-2.717,0.0,0.105,0.0
151,7.551,59879.0,vf/smo/vf=on/lk=0,3.468,-0.254,-0.097,-2.718,0.0,0.068,0.0
152,7.601,59929.0,vf/smo/vf=on/lk=0,3.468,-0.048,-0.097,-2.718,0.0,-0.019,0.0
153,7.651,59979.0,vf/smo/vf=on/lk=0,3.468,0.156,-0.098,-2.717,0.0,0.106,0.0
154,7.701,60029.0,vf/smo/vf=on/lk=0,3.468,0.356,-0.099,-2.716,0.0,0.075,0.0
155,7.751,60079.0,vf/smo/vf=on/lk=0,3.468,-0.337,-0.101,-2.713,0.0,-0.135,0.0
156,7.801,60129.0,vf/smo/vf=on/lk=0,3.468,-0.134,-0.107,-2.708,0.0,-0.1,0.0
157,7.851,60179.0,vf/smo/vf=on/lk=0,3.468,0.073,-0.112,-2.703,0.0,0.018,0.0
158,7.901,60229.0,vf/smo/vf=on/lk=0,3.468,0.274,-0.115,-2.7,0.0,-0.1,0.0
159,7.951,60279.0,vf/smo/vf=on/lk=0,3.468,-0.418,-0.118,-2.697,0.0,-0.079,0.0
160,8.001,60329.0,vf/smo/vf=on/lk=0,3.468,-0.214,-0.121,-2.694,0.0,0.022,0.0
161,8.051,60379.0,vf/smo/vf=on/lk=0,3.468,-0.001,-0.122,-2.693,0.0,-0.013,0.0
162,8.101,60429.0,vf/smo/vf=on/lk=0,3.468,0.202,-0.124,-2.691,0.0,-0.063,0.0
163,8.151,60479.0,vf/smo/vf=on/lk=0,3.468,0.404,-0.125,-2.69,0.0,-0.155,0.0
164,8.201,60529.0,vf/smo/vf=on/lk=0,3.468,-0.294,-0.126,-2.689,0.0,0.039,0.0
165,8.251,60579.0,vf/smo/vf=on/lk=0,3.468,-0.081,-0.124,-2.691,0.0,0.062,0.0
166,8.301,60629.0,vf/smo/vf=on/lk=0,3.468,0.12,-0.124,-2.691,0.0,0.032,0.0
167,8.351,60679.0,vf/smo/vf=on/lk=0,3.468,0.323,-0.122,-2.693,0.0,0.103,0.0
168,8.401,60729.0,vf/smo/vf=on/lk=0,3.468,-0.362,-0.116,-2.699,0.0,0.112,0.0
169,8.451,60779.0,vf/smo/vf=on/lk=0,3.468,-0.162,-0.111,-2.704,0.0,0.033,0.0
170,8.501,60829.0,vf/smo/vf=on/lk=0,3.468,0.039,-0.106,-2.709,0.0,0.059,0.0
171,8.551,60879.0,vf/smo/vf=on/lk=0,3.468,0.252,-0.099,-2.715,0.0,0.105,0.0
172,8.601,60929.0,vf/smo/vf=on/lk=0,3.468,-0.446,-0.093,-2.722,0.0,0.232,0.0
173,8.651,60979.0,vf/smo/vf=on/lk=0,3.468,-0.244,-0.089,-2.726,0.0,0.138,0.0
174,8.701,61029.0,vf/smo/vf=on/lk=0,3.468,-0.031,-0.083,-2.732,0.0,0.02,0.0
175,8.751,61079.0,vf/smo/vf=on/lk=0,3.468,0.175,-0.081,-2.734,0.0,-0.097,0.0
176,8.801,61129.0,vf/smo/vf=on/lk=0,3.468,0.38,-0.081,-2.734,0.0,-0.128,0.0
177,8.851,61179.0,vf/smo/vf=on/lk=0,3.468,-0.318,-0.084,-2.731,0.0,-0.117,0.0
178,8.901,61229.0,vf/smo/vf=on/lk=0,3.468,-0.116,-0.088,-2.727,0.0,0.031,0.0
179,8.951,61279.0,vf/smo/vf=on/lk=0,3.468,0.097,-0.092,-2.722,0.0,-0.101,0.0
180,9.001,61329.0,vf/smo/vf=on/lk=0,3.468,0.297,-0.1,-2.715,0.0,-0.059,0.0
181,9.051,61379.0,vf/smo/vf=on/lk=0,3.468,-0.394,-0.107,-2.708,0.0,-0.122,0.0
182,9.101,61429.0,vf/smo/vf=on/lk=0,3.468,-0.189,-0.114,-2.701,0.0,-0.216,0.0
183,9.151,61479.0,vf/smo/vf=on/lk=0,3.468,-0.013,-0.119,-2.696,0.0,-0.008,0.0
184,9.201,61529.0,vf/smo/vf=on/lk=0,3.468,0.219,-0.125,-2.69,0.0,-0.096,0.0
185,9.251,61579.0,vf/smo/vf=on/lk=0,3.468,0.42,-0.128,-2.687,0.0,-0.004,0.0
186,9.301,61629.0,vf/smo/vf=on/lk=0,3.468,-0.276,-0.129,-2.686,0.0,0.008,0.0
187,9.351,61679.0,vf/smo/vf=on/lk=0,3.468,-0.07,-0.129,-2.686,0.0,-0.063,0.0
188,9.401,61729.0,vf/smo/vf=on/lk=0,3.468,0.138,-0.126,-2.689,0.0,0.083,0.0
189,9.451,61779.0,vf/smo/vf=on/lk=0,3.468,0.34,-0.124,-2.691,0.0,0.088,0.0
190,9.501,61829.0,vf/smo/vf=on/lk=0,3.468,-0.351,-0.12,-2.695,0.0,0.001,0.0
191,9.551,61879.0,vf/smo/vf=on/lk=0,3.468,-0.15,-0.116,-2.698,0.0,-0.012,0.0
192,9.601,61929.0,vf/smo/vf=on/lk=0,3.468,0.06,-0.113,-2.702,0.0,-0.059,0.0
193,9.651,61979.0,vf/smo/vf=on/lk=0,3.468,0.263,-0.109,-2.706,0.0,0.076,0.0
194,9.701,62029.0,vf/smo/vf=on/lk=0,3.468,-0.427,-0.107,-2.708,0.0,0.116,0.0
195,9.751,62079.0,vf/smo/vf=on/lk=0,3.468,-0.225,-0.102,-2.712,0.0,0.018,0.0
196,9.801,62129.0,vf/smo/vf=on/lk=0,3.468,-0.012,-0.098,-2.717,0.0,-0.062,0.0
197,9.851,62179.0,vf/smo/vf=on/lk=0,3.468,0.191,-0.094,-2.72,0.0,0.096,0.0
198,9.901,62229.0,vf/smo/vf=on/lk=0,3.468,0.391,-0.093,-2.722,0.0,-0.054,0.0
199,9.951,62279.0,vf/smo/vf=on/lk=0,3.468,-0.305,-0.093,-2.722,0.0,-0.038,0.0
200,10.001,62329.0,vf/smo/vf=on/lk=0,3.468,-0.09,-0.093,-2.722,0.0,-0.016,0.0
201,10.051,62379.0,vf/smo/vf=on/lk=0,3.468,0.108,-0.093,-2.721,0.0,0.025,0.0
202,10.101,62429.0,vf/smo/vf=on/lk=0,3.468,0.31,-0.094,-2.721,0.0,-0.142,0.0
203,10.151,62479.0,vf/smo/vf=on/lk=0,3.468,-0.375,-0.094,-2.72,0.0,-0.082,0.0
204,10.201,62529.0,vf/smo/vf=on/lk=0,3.468,-0.174,-0.096,-2.719,0.0,-0.071,0.0
205,10.251,62579.0,vf/smo/vf=on/lk=0,3.468,0.03,-0.096,-2.718,0.0,0.036,0.0
206,10.301,62629.0,vf/smo/vf=on/lk=0,3.468,0.229,-0.099,-2.715,0.0,-0.297,0.0
207,10.351,62679.0,vf/smo/vf=on/lk=0,3.468,0.434,-0.102,-2.713,0.0,-0.036,0.0
208,10.401,62729.0,vf/smo/vf=on/lk=0,3.468,-0.249,-0.107,-2.708,0.0,-0.079,0.0
209,10.451,62779.0,vf/smo/vf=on/lk=0,3.468,-0.047,-0.108,-2.707,0.0,0.023,0.0
210,10.501,62829.0,vf/smo/vf=on/lk=0,3.468,0.154,-0.112,-2.703,0.0,-0.058,0.0
211,10.551,62879.0,vf/smo/vf=on/lk=0,3.468,0.355,-0.117,-2.698,0.0,0.075,0.0
212,10.601,62929.0,vf/smo/vf=on/lk=0,3.468,-0.329,-0.119,-2.696,0.0,-0.055,0.0
213,10.651,62979.0,vf/smo/vf=on/lk=0,3.468,-0.126,-0.121,-2.694,0.0,-0.001,0.0
214,10.701,63029.0,vf/smo/vf=on/lk=0,3.468,0.078,-0.121,-2.693,0.0,0.077,0.0
215,10.751,63079.0,vf/smo/vf=on/lk=0,3.468,0.278,-0.121,-2.694,0.0,0.001,0.0
216,10.801,63129.0,vf/smo/vf=on/lk=0,3.468,-0.406,-0.117,-2.698,0.0,-0.037,0.0
217,10.851,63179.0,vf/smo/vf=on/lk=0,3.468,-0.201,-0.113,-2.701,0.0,0.1,0.0
218,10.901,63229.0,vf/smo/vf=on/lk=0,3.468,0.001,-0.11,-2.704,0.0,-0.017,0.0
219,10.951,63279.0,vf/smo/vf=on/lk=0,3.468,0.206,-0.107,-2.708,0.0,0.052,0.0
220,11.001,63329.0,vf/smo/vf=on/lk=0,3.468,0.407,-0.106,-2.709,0.0,0.145,0.0
221,11.051,63379.0,vf/smo/vf=on/lk=0,3.468,-0.284,-0.105,-2.71,0.0,-0.14,0.0
222,11.101,63429.0,vf/smo/vf=on/lk=0,3.468,-0.081,-0.104,-2.711,0.0,0.026,0.0
223,11.151,63479.0,vf/smo/vf=on/lk=0,3.468,0.124,-0.103,-2.712,0.0,0.039,0.0
224,11.201,63529.0,vf/smo/vf=on/lk=0,3.468,0.327,-0.103,-2.712,0.0,0.077,0.0
225,11.251,63579.0,vf/smo/vf=on/lk=0,3.468,-0.365,-0.104,-2.711,0.0,-0.102,0.0
226,11.301,63629.0,vf/smo/vf=on/lk=0,3.468,-0.166,-0.104,-2.711,0.0,0.089,0.0
227,11.351,63679.0,vf/smo/vf=on/lk=0,3.468,0.044,-0.106,-2.709,0.0,-0.12,0.0
228,11.401,63729.0,vf/smo/vf=on/lk=0,3.468,0.258,-0.108,-2.706,0.0,-0.056,0.0
229,11.451,63779.0,vf/smo/vf=on/lk=0,3.468,-0.445,-0.111,-2.704,0.0,-0.152,0.0
230,11.501,63829.0,vf/smo/vf=on/lk=0,3.468,-0.241,-0.115,-2.7,0.0,-0.136,0.0
231,11.551,63879.0,vf/smo/vf=on/lk=0,3.468,-0.026,-0.117,-2.698,0.0,-0.024,0.0
232,11.601,63929.0,vf/smo/vf=on/lk=0,3.468,0.175,-0.119,-2.696,0.0,-0.017,0.0
233,11.651,63979.0,vf/smo/vf=on/lk=0,3.468,0.376,-0.12,-2.695,0.0,0.008,0.0
234,11.701,64029.0,vf/smo/vf=on/lk=0,3.468,-0.308,-0.119,-2.696,0.0,0.045,0.0
235,11.751,64079.0,vf/smo/vf=on/lk=0,3.468,-0.108,-0.116,-2.698,0.0,0.14,0.0
236,11.801,64129.0,vf/smo/vf=on/lk=0,3.468,0.092,-0.112,-2.703,0.0,0.022,0.0
237,11.851,64179.0,vf/smo/vf=on/lk=0,3.468,0.305,-0.109,-2.706,0.0,-0.04,0.0
238,11.901,64229.0,vf/smo/vf=on/lk=0,3.468,-0.392,-0.106,-2.709,0.0,0.104,0.0
239,11.951,64279.0,vf/smo/vf=on/lk=0,3.468,-0.185,-0.101,-2.714,0.0,0.155,0.0
240,12.001,64329.0,vf/smo/vf=on/lk=0,3.468,0.015,-0.098,-2.716,0.0,-0.032,0.0
241,12.051,64379.0,vf/smo/vf=on/lk=0,3.468,0.228,-0.095,-2.72,0.0,-0.067,0.0
242,12.101,64429.0,vf/smo/vf=on/lk=0,3.468,0.428,-0.093,-2.722,0.0,0.088,0.0
243,12.151,64479.0,vf/smo/vf=on/lk=0,3.468,-0.269,-0.092,-2.723,0.0,-0.008,0.0
244,12.201,64529.0,vf/smo/vf=on/lk=0,3.468,-0.066,-0.094,-2.721,0.0,0.001,0.0
245,12.251,64579.0,vf/smo/vf=on/lk=0,3.468,0.147,-0.099,-2.716,0.0,-0.073,0.0
246,12.301,64629.0,vf/smo/vf=on/lk=0,3.468,0.348,-0.102,-2.713,0.0,-0.074,0.0
247,12.351,64679.0,vf/smo/vf=on/lk=0,3.468,-0.348,-0.106,-2.709,0.0,0.044,0.0
248,12.401,64729.0,vf/smo/vf=on/lk=0,3.468,-0.135,-0.109,-2.706,0.0,-0.081,0.0
249,12.451,64779.0,vf/smo/vf=on/lk=0,3.468,0.068,-0.112,-2.703,0.0,-0.05,0.0
250,12.501,64829.0,vf/smo/vf=on/lk=0,3.468,0.268,-0.114,-2.7,0.0,0.004,0.0
251,12.551,64879.0,vf/smo/vf=on/lk=0,3.468,-0.423,-0.115,-2.7,0.0,0.008,0.0
252,12.601,64929.0,vf/smo/vf=on/lk=0,3.468,-0.221,-0.115,-2.7,0.0,0.133,0.0
253,12.651,64979.0,vf/smo/vf=on/lk=0,3.468,-0.016,-0.114,-2.701,0.0,0.005,0.0
254,12.701,65029.0,vf/smo/vf=on/lk=0,3.468,0.198,-0.113,-2.702,0.0,0.055,0.0
255,12.751,65079.0,vf/smo/vf=on/lk=0,3.468,0.392,-0.111,-2.704,0.0,-0.047,0.0
256,12.801,65129.0,vf/smo/vf=on/lk=0,3.468,-0.292,-0.111,-2.704,0.0,0.115,0.0
257,12.851,65179.0,vf/smo/vf=on/lk=0,3.468,-0.087,-0.109,-2.706,0.0,0.048,0.0
258,12.901,65229.0,vf/smo/vf=on/lk=0,3.468,0.115,-0.108,-2.707,0.0,0.04,0.0
259,12.951,65279.0,vf/smo/vf=on/lk=0,3.468,0.322,-0.107,-2.708,0.0,0.119,0.0
260,13.001,65329.0,vf/smo/vf=on/lk=0,3.468,-0.374,-0.106,-2.708,0.0,-0.054,0.0
261,13.051,65379.0,vf/smo/vf=on/lk=0,3.468,-0.184,-0.105,-2.71,0.0,0.047,0.0
262,13.101,65429.0,vf/smo/vf=on/lk=0,3.468,0.035,-0.106,-2.708,0.0,-0.03,0.0
263,13.151,65479.0,vf/smo/vf=on/lk=0,3.468,0.235,-0.108,-2.707,0.0,-0.082,0.0
264,13.201,65529.0,vf/smo/vf=on/lk=0,3.468,0.444,-0.112,-2.703,0.0,-0.057,0.0
265,13.251,65579.0,vf/smo/vf=on/lk=0,3.468,-0.252,-0.114,-2.701,0.0,-0.196,0.0
266,13.301,65629.0,vf/smo/vf=on/lk=0,3.468,-0.038,-0.116,-2.699,0.0,0.026,0.0
267,13.351,65679.0,vf/smo/vf=on/lk=0,3.468,0.163,-0.117,-2.698,0.0,-0.014,0.0
