sample,t_s,ms,mode,th,tp,sv,iq,tc
0,0.0,4651.0,raw,5.249,0.0,0.002,0.0,0.0
1,0.05,4701.0,raw,5.243,0.0,0.111,0.0,0.0
2,0.1,4751.0,raw,5.243,0.0,0.089,0.0,0.0
3,0.15,4801.0,raw,5.242,0.0,-0.025,0.0,0.0
4,0.2,4851.0,raw,5.242,0.0,-0.049,0.0,0.0
5,0.25,4901.0,raw,5.242,0.0,-0.022,0.0,0.0
6,0.3,4951.0,raw,5.243,0.0,0.112,0.0,0.0
7,0.35,5001.0,raw,5.242,0.0,-0.088,0.0,0.0
8,0.4,5051.0,raw,5.242,0.0,-0.047,0.0,0.0
9,0.45,5101.0,raw,5.243,0.0,0.086,0.0,0.0
10,0.5,5151.0,raw,5.242,0.0,-0.016,0.0,0.0
11,0.55,5201.0,raw,5.242,0.0,-0.048,0.0,0.0
12,0.6,5251.0,raw,5.242,0.0,-0.048,0.0,0.0
13,0.65,5301.0,raw,5.242,0.0,-0.047,0.0,0.0
14,0.7,5351.0,raw,5.242,0.0,-0.015,0.0,0.0
15,0.75,5401.0,raw,5.242,0.0,-0.102,0.0,0.0
16,0.8,5451.0,raw,5.242,0.0,-0.025,0.0,0.0
17,0.85,5501.0,raw,5.243,0.0,0.076,0.0,0.0
18,0.9,5551.0,raw,5.243,0.0,0.086,0.0,0.0
19,0.95,5601.0,raw,5.243,0.0,0.043,0.0,0.0
20,1.0,5651.0,raw,5.242,0.0,-0.01,0.0,0.0
21,1.05,5701.0,raw,5.242,0.0,-0.011,0.0,0.0
22,1.1,5751.0,raw,5.242,0.0,-0.038,0.0,0.0
23,1.15,5801.0,raw,5.242,0.0,-0.002,0.0,0.0
24,1.2,5851.0,raw,5.242,0.0,-0.002,0.0,0.0
25,1.25,5901.0,raw,5.242,0.0,-0.024,0.0,0.0
26,1.3,5951.0,raw,5.242,0.0,-0.001,0.0,0.0
27,1.35,6001.0,raw,5.242,0.0,-0.002,0.0,0.0
28,1.4,6051.0,raw,5.242,0.0,-0.002,0.0,0.0
29,1.45,6101.0,raw,5.242,0.0,-0.001,0.0,0.0
30,1.5,6151.0,raw,5.242,0.0,-0.006,0.0,0.0
31,1.55,6201.0,raw,5.242,0.0,-0.0,0.0,0.0
32,1.6,6251.0,raw,5.242,0.0,-0.001,0.0,0.0
33,1.65,6301.0,raw,5.242,0.0,-0.0,0.0,0.0
34,1.7,6351.0,raw,5.242,0.0,-0.011,0.0,0.0
35,1.75,6401.0,raw,5.242,0.0,-0.003,0.0,0.0
36,1.8,6451.0,raw,5.242,0.0,-0.0,0.0,0.0
37,1.85,6501.0,raw,5.242,0.0,-0.001,0.0,0.0
38,1.9,6551.0,raw,5.242,0.0,-0.0,0.0,0.0
39,1.95,6601.0,raw,5.242,0.0,-0.006,0.0,0.0
40,2.0,6651.0,raw,5.242,0.0,-0.0,0.0,0.0
41,2.05,6701.0,raw,5.242,0.0,-0.0,0.0,0.0
42,2.1,6751.0,raw,5.242,0.0,-0.0,0.0,0.0
43,2.15,6801.0,raw,5.242,0.0,-0.0,0.0,0.0
44,2.2,6851.0,raw,5.242,0.0,-0.0,0.0,0.0
45,2.25,6901.0,raw,5.242,0.0,-0.0,0.0,0.0
46,2.3,6951.0,raw,5.242,0.0,-0.0,0.0,0.0
47,2.35,7001.0,raw,5.242,0.0,-0.0,0.0,0.0
48,2.4,7051.0,raw,5.242,0.0,-0.0,0.0,0.0
49,2.45,7101.0,raw,5.242,0.0,-0.0,0.0,0.0
50,2.5,7151.0,raw,5.242,0.0,-0.005,0.0,0.0
51,2.55,7201.0,raw,5.242,0.0,-0.0,0.0,0.0
52,2.6,7251.0,raw,5.242,0.0,-0.0,0.0,0.0
53,2.65,7301.0,raw,5.242,0.0,-0.0,0.0,0.0
54,2.7,7351.0,raw,5.242,0.0,-0.0,0.0,0.0
55,2.75,7401.0,raw,5.242,0.0,-0.0,0.0,0.0
56,2.8,7451.0,raw,5.242,0.0,-0.005,0.0,0.0
57,2.884,7535.0,id,5.242,0.0,-0.0,0.0,0.0
58,2.894,7545.0,id,5.242,0.0,-0.0,0.0,0.0
59,2.904,7555.0,id,5.243,0.0,0.121,0.00366,0.00012
60,2.914,7565.0,id,5.245,0.0,0.175,0.00765,0.00025
61,2.924,7575.0,id,5.246,0.0,0.165,0.01165,0.00038
62,2.934,7585.0,id,5.251,0.0,0.358,0.01569,0.00051
63,2.944,7595.0,id,5.254,0.0,0.321,0.01973,0.00063
64,2.954,7605.0,id,5.26,0.0,0.513,0.02379,0.00076
65,2.964,7615.0,id,5.266,0.0,0.587,0.02786,0.00089
66,2.974,7625.0,id,5.275,0.0,0.837,0.03193,0.00103
67,2.984,7635.0,id,5.285,0.0,0.913,0.036,0.00116
68,2.994,7645.0,id,5.298,0.0,1.234,0.0401,0.00129
69,3.004,7655.0,id,5.314,0.0,1.492,0.0441,0.00141
70,3.014,7665.0,id,5.334,0.0,1.851,0.04815,0.00154
71,3.024,7675.0,id,5.357,0.0,2.135,0.05216,0.00167
72,3.034,7685.0,id,5.392,0.0,2.998,0.05624,0.0018
73,3.044,7695.0,id,5.45,0.0,4.877,0.06019,0.00193
74,3.054,7705.0,id,5.539,0.0,7.5,0.0641,0.00205
75,3.064,7715.0,id,5.653,0.0,9.843,0.06795,0.00218
76,3.074,7725.0,id,5.762,0.0,10.323,0.07174,0.0023
77,3.084,7735.0,id,5.857,0.0,9.761,0.07548,0.00242
78,3.094,7745.0,id,5.955,0.0,9.807,0.07912,0.00253
79,3.104,7755.0,id,6.085,0.0,11.993,0.0827,0.00265
80,3.114,7765.0,id,6.222,0.0,12.789,0.08618,0.00276
81,3.124,7775.0,id,6.351,0.0,12.771,0.08958,0.00287
82,3.134,7785.0,id,6.487,0.0,13.401,0.09287,0.00297
83,3.144,7795.0,id,6.645,0.0,15.025,0.09598,0.00307
84,3.154,7805.0,id,6.794,0.0,14.86,0.09903,0.00317
85,3.164,7815.0,id,6.954,0.0,15.446,0.10196,0.00327
86,3.174,7825.0,id,7.131,0.0,16.731,0.10476,0.00335
87,3.184,7835.0,id,7.302,0.0,16.81,0.10741,0.00344
88,3.194,7845.0,id,7.487,0.0,17.802,0.1099,0.00352
89,3.204,7855.0,id,7.668,0.0,18.174,0.11217,0.00359
90,3.214,7865.0,id,7.862,0.0,18.867,0.11434,0.00366
91,3.224,7875.0,id,8.058,0.0,19.081,0.11633,0.00372
92,3.234,7885.0,id,8.253,0.0,19.265,0.11814,0.00378
93,3.244,7895.0,id,8.458,0.0,20.135,0.11971,0.00383
94,3.254,7905.0,id,8.652,0.0,19.451,0.12113,0.00388
95,3.264,7915.0,id,8.866,0.0,20.55,0.12233,0.00392
96,3.274,7925.0,id,9.067,0.0,20.071,0.12332,0.00395
97,3.284,7935.0,id,9.27,0.0,20.477,0.12407,0.00397
98,3.294,7945.0,id,9.477,0.0,20.308,0.12461,0.00399
99,3.304,7955.0,id,9.682,0.0,20.378,0.12492,0.004
100,3.314,7965.0,id,9.896,0.0,20.623,0.12499,0.004
101,3.324,7975.0,id,10.1,0.0,20.686,0.12483,0.00399
102,3.334,7985.0,id,10.318,0.0,21.034,0.12441,0.00398
103,3.344,7995.0,id,10.531,0.0,21.161,0.12374,0.00396
104,3.354,8005.0,id,10.738,0.0,20.918,0.12284,0.00393
105,3.364,8015.0,id,10.951,0.0,20.88,0.12165,0.00389
106,3.374,8025.0,id,11.166,0.0,20.825,0.12021,0.00385
107,3.384,8035.0,id,11.365,0.0,20.413,0.11853,0.00379
108,3.394,8045.0,id,11.578,0.0,20.759,0.11656,0.00373
109,3.404,8055.0,id,11.767,0.0,19.281,0.11432,0.00366
110,3.414,8065.0,id,11.967,0.0,19.816,0.11187,0.00358
111,3.424,8075.0,id,12.154,0.0,18.722,0.1091,0.00349
112,3.434,8085.0,id,12.333,0.0,18.116,0.10606,0.00339
113,3.444,8095.0,id,12.514,0.0,17.953,0.10284,0.00329
114,3.454,8105.0,id,12.68,0.0,16.792,0.09928,0.00317
115,3.464,8115.0,id,12.85,0.0,16.941,0.09549,0.00305
116,3.474,8125.0,id,13.008,0.0,16.142,0.09153,0.00293
117,3.484,8135.0,id,13.158,0.0,15.384,0.08725,0.00279
118,3.494,8145.0,id,13.309,0.0,15.084,0.08272,0.00264
119,3.504,8155.0,id,13.453,0.0,14.437,0.07797,0.00249
120,3.514,8165.0,id,13.577,0.0,13.077,0.07299,0.00233
121,3.524,8175.0,id,13.705,0.0,12.96,0.06792,0.00217
122,3.534,8185.0,id,13.821,0.0,11.846,0.06252,0.002
123,3.544,8195.0,id,13.921,0.0,10.563,0.05691,0.00182
124,3.554,8205.0,id,14.013,0.0,9.491,0.05114,0.00163
125,3.564,8215.0,id,14.093,0.0,8.51,0.0452,0.00144
126,3.574,8225.0,id,14.177,0.0,8.495,0.03927,0.00125
127,3.584,8235.0,id,14.241,0.0,6.902,0.03304,0.00105
128,3.594,8245.0,id,14.26,0.0,3.497,0.02668,0.00085
129,3.604,8255.0,id,14.257,0.0,1.054,0.0202,0.00064
130,3.614,8265.0,id,14.248,0.0,-0.145,0.01366,0.00043
131,3.624,8275.0,id,14.238,0.0,-0.634,0.00704,0.00022
132,3.634,8285.0,id,14.228,0.0,-0.932,0.00038,1e-05
133,3.644,8295.0,id,14.217,0.0,-1.02,-0.00621,-0.0002
134,3.654,8305.0,id,14.205,0.0,-1.094,-0.01302,-0.00042
135,3.664,8315.0,id,14.192,0.0,-1.131,-0.01975,-0.00064
136,3.674,8325.0,id,14.177,0.0,-1.368,-0.02644,-0.00085
137,3.684,8335.0,id,14.162,0.0,-1.476,-0.0331,-0.00106
138,3.694,8345.0,id,14.14,0.0,-1.92,-0.03969,-0.00128
139,3.704,8355.0,id,14.116,0.0,-2.329,-0.04607,-0.00148
140,3.714,8365.0,id,14.08,0.0,-3.073,-0.0525,-0.00169
141,3.724,8375.0,id,14.027,0.0,-4.591,-0.0588,-0.00189
142,3.734,8385.0,id,13.941,0.0,-7.248,-0.06494,-0.00208
143,3.744,8395.0,id,13.843,0.0,-8.811,-0.0709,-0.00227
144,3.754,8405.0,id,13.728,0.0,-10.626,-0.07654,-0.00245
145,3.764,8415.0,id,13.605,0.0,-11.471,-0.08211,-0.00263
146,3.774,8425.0,id,13.481,0.0,-12.101,-0.08739,-0.0028
147,3.784,8435.0,id,13.33,0.0,-13.916,-0.09243,-0.00296
148,3.794,8445.0,id,13.18,0.0,-14.531,-0.09717,-0.00311
149,3.804,8455.0,id,13.025,0.0,-15.102,-0.10162,-0.00326
150,3.814,8465.0,id,12.852,0.0,-16.728,-0.10564,-0.00338
151,3.824,8475.0,id,12.681,0.0,-16.693,-0.10942,-0.0035
152,3.834,8485.0,id,12.496,0.0,-17.796,-0.11283,-0.00361
153,3.844,8495.0,id,12.299,0.0,-18.965,-0.1158,-0.00371
154,3.854,8505.0,id,12.109,0.0,-18.941,-0.11842,-0.00379
155,3.864,8515.0,id,11.891,0.0,-20.559,-0.12064,-0.00386
156,3.874,8525.0,id,11.69,0.0,-20.386,-0.12237,-0.00392
157,3.884,8535.0,id,11.465,0.0,-21.79,-0.1237,-0.00396
158,3.894,8545.0,id,11.247,0.0,-21.561,-0.12457,-0.00399
159,3.904,8555.0,id,11.02,0.0,-22.14,-0.12497,-0.004
160,3.914,8565.0,id,10.802,0.0,-22.046,-0.1249,-0.004
161,3.924,8575.0,id,10.577,0.0,-22.158,-0.12435,-0.00398
162,3.934,8585.0,id,10.357,0.0,-21.755,-0.12331,-0.00394
163,3.944,8595.0,id,10.141,0.0,-21.798,-0.12181,-0.0039
164,3.954,8605.0,id,9.931,0.0,-21.027,-0.11979,-0.00383
165,3.964,8615.0,id,9.718,0.0,-21.028,-0.11727,-0.00375
166,3.974,8625.0,id,9.518,0.0,-20.091,-0.11428,-0.00365
167,3.984,8635.0,id,9.325,0.0,-19.706,-0.11089,-0.00355
168,3.994,8645.0,id,9.126,0.0,-19.389,-0.10692,-0.00342
169,4.004,8655.0,id,8.949,0.0,-18.335,-0.10256,-0.00328
170,4.014,8665.0,id,8.756,0.0,-18.684,-0.0977,-0.00312
171,4.024,8675.0,id,8.59,0.0,-17.051,-0.0924,-0.00295
172,4.034,8685.0,id,8.428,0.0,-16.751,-0.08681,-0.00277
173,4.044,8695.0,id,8.264,0.0,-16.128,-0.08067,-0.00258
174,4.054,8705.0,id,8.124,0.0,-14.52,-0.07416,-0.00237
175,4.064,8715.0,id,8.0,0.0,-13.369,-0.06747,-0.00215
176,4.074,8725.0,id,7.868,0.0,-13.065,-0.0603,-0.00192
177,4.084,8735.0,id,7.773,0.0,-10.486,-0.05279,-0.00168
178,4.094,8745.0,id,7.691,0.0,-8.965,-0.04507,-0.00144
179,4.104,8755.0,id,7.616,0.0,-7.994,-0.03726,-0.00119
180,4.114,8765.0,id,7.566,0.0,-6.049,-0.02911,-0.00092
181,4.124,8775.0,id,7.523,0.0,-4.851,-0.02074,-0.00066
182,4.134,8785.0,id,7.486,0.0,-4.014,-0.01226,-0.00039
183,4.144,8795.0,id,7.464,0.0,-2.717,-0.00362,-0.00011
184,4.154,8805.0,id,7.464,0.0,-0.963,0.00501,0.00017
185,4.164,8815.0,id,7.474,0.0,0.185,0.01363,0.00044
186,4.174,8825.0,id,7.484,0.0,0.771,0.02215,0.00072
187,4.184,8835.0,id,7.498,0.0,1.196,0.03076,0.00099
188,4.194,8845.0,id,7.518,0.0,1.76,0.03896,0.00125
189,4.204,8855.0,id,7.552,0.0,2.837,0.04727,0.00152
190,4.214,8865.0,id,7.609,0.0,4.716,0.05531,0.00178
191,4.224,8875.0,id,7.691,0.0,6.953,0.06316,0.00203
192,4.234,8885.0,id,7.78,0.0,8.187,0.07068,0.00227
193,4.244,8895.0,id,7.9,0.0,10.605,0.07789,0.0025
194,4.254,8905.0,id,8.021,0.0,11.282,0.08475,0.00272
195,4.264,8915.0,id,8.141,0.0,11.933,0.09104,0.00292
196,4.274,8925.0,id,8.294,0.0,13.995,0.09705,0.00311
197,4.284,8935.0,id,8.463,0.0,15.636,0.10255,0.00329
198,4.294,8945.0,id,8.613,0.0,15.405,0.10741,0.00344
199,4.304,8955.0,id,8.796,0.0,17.149,0.11183,0.00358
200,4.314,8965.0,id,8.985,0.0,17.907,0.11566,0.0037
201,4.324,8975.0,id,9.167,0.0,18.119,0.11886,0.00381
202,4.334,8985.0,id,9.368,0.0,19.434,0.12136,0.00389
203,4.344,8995.0,id,9.561,0.0,19.199,0.12326,0.00395
204,4.354,9005.0,id,9.771,0.0,20.235,0.12447,0.00398
205,4.364,9015.0,id,9.977,0.0,20.218,0.12498,0.004
206,4.374,9025.0,id,10.192,0.0,20.935,0.12478,0.00399
207,4.384,9035.0,id,10.4,0.0,20.958,0.12388,0.00396
208,4.394,9045.0,id,10.617,0.0,21.262,0.12223,0.00391
209,4.404,9055.0,id,10.825,0.0,20.861,0.11988,0.00383
210,4.414,9065.0,id,11.032,0.0,20.957,0.11687,0.00374
211,4.424,9075.0,id,11.232,0.0,20.004,0.11309,0.00362
212,4.434,9085.0,id,11.43,0.0,19.643,0.1086,0.00347
213,4.444,9095.0,id,11.618,0.0,19.1,0.10358,0.00331
214,4.454,9105.0,id,11.786,0.0,17.45,0.09778,0.00312
215,4.464,9115.0,id,11.964,0.0,17.493,0.09135,0.00292
216,4.474,9125.0,id,12.115,0.0,15.678,0.08435,0.00269
217,4.484,9135.0,id,12.24,0.0,13.617,0.07697,0.00246
218,4.494,9145.0,id,12.378,0.0,13.679,0.0689,0.0022
219,4.504,9155.0,id,12.497,0.0,12.192,0.06035,0.00192
220,4.514,9165.0,id,12.583,0.0,9.735,0.05142,0.00164
221,4.524,9175.0,id,12.654,0.0,8.029,0.04235,0.00135
222,4.534,9185.0,id,12.707,0.0,6.29,0.0328,0.00104
223,4.544,9195.0,id,12.755,0.0,5.315,0.02294,0.00073
224,4.554,9205.0,id,12.807,0.0,5.216,0.01285,0.0004
225,4.564,9215.0,id,12.852,0.0,4.569,0.00274,8e-05
226,4.574,9225.0,id,12.865,0.0,2.413,-0.00728,-0.00024
227,4.584,9235.0,id,12.855,0.0,0.177,-0.01757,-0.00057
228,4.594,9245.0,id,12.846,0.0,-0.491,-0.02764,-0.00089
229,4.604,9255.0,id,12.833,0.0,-0.957,-0.03757,-0.00121
230,4.614,9265.0,id,12.816,0.0,-1.451,-0.04732,-0.00152
231,4.624,9275.0,id,12.792,0.0,-2.083,-0.05674,-0.00182
232,4.634,9285.0,id,12.754,0.0,-3.306,-0.06564,-0.00211
233,4.644,9295.0,id,12.688,0.0,-5.548,-0.07431,-0.00238
234,4.654,9305.0,id,12.579,0.0,-8.997,-0.0825,-0.00265
235,4.664,9315.0,id,12.439,0.0,-12.138,-0.09013,-0.00289
236,4.674,9325.0,id,12.292,0.0,-13.669,-0.097,-0.00311
237,4.684,9335.0,id,12.145,0.0,-14.305,-0.10339,-0.00331
238,4.694,9345.0,id,11.96,0.0,-16.804,-0.10903,-0.00349
239,4.704,9355.0,id,11.778,0.0,-17.696,-0.11376,-0.00364
240,4.714,9365.0,id,11.583,0.0,-18.776,-0.1178,-0.00377
241,4.724,9375.0,id,11.368,0.0,-20.109,-0.12098,-0.00387
242,4.734,9385.0,id,11.163,0.0,-20.52,-0.1232,-0.00394
243,4.744,9395.0,id,10.936,0.0,-21.643,-0.12457,-0.00399
244,4.754,9405.0,id,10.715,0.0,-21.798,-0.125,-0.004
245,4.764,9415.0,id,10.494,0.0,-22.159,-0.12449,-0.00398
246,4.774,9425.0,id,10.278,0.0,-21.637,-0.12302,-0.00394
247,4.784,9435.0,id,10.055,0.0,-21.689,-0.12058,-0.00386
248,4.794,9445.0,id,9.853,0.0,-20.952,-0.11728,-0.00375
249,4.804,9455.0,id,9.644,0.0,-20.621,-0.11299,-0.00361
250,4.814,9465.0,id,9.454,0.0,-19.385,-0.10778,-0.00344
251,4.824,9475.0,id,9.258,0.0,-19.323,-0.10167,-0.00325
252,4.834,9485.0,id,9.09,0.0,-17.588,-0.09494,-0.00303
253,4.844,9495.0,id,8.923,0.0,-17.007,-0.08725,-0.00279
254,4.854,9505.0,id,8.759,0.0,-16.353,-0.07882,-0.00252
255,4.864,9515.0,id,8.627,0.0,-13.98,-0.06972,-0.00222
256,4.874,9525.0,id,8.517,0.0,-12.181,-0.06025,-0.00192
257,4.884,9535.0,id,8.392,0.0,-12.183,-0.05001,-0.00159
258,4.894,9545.0,id,8.297,0.0,-10.146,-0.03933,-0.00125
259,4.904,9555.0,id,8.247,0.0,-6.92,-0.02855,-0.0009
260,4.914,9565.0,id,8.21,0.0,-4.796,-0.01723,-0.00054
261,4.924,9575.0,id,8.191,0.0,-2.862,-0.00581,-0.00018
262,4.934,9585.0,id,8.196,0.0,-0.72,0.0057,0.00019
263,4.944,9595.0,id,8.21,0.0,0.601,0.0172,0.00056
264,4.954,9605.0,id,8.23,0.0,1.528,0.02868,0.00093
265,4.964,9615.0,id,8.264,0.0,2.782,0.03992,0.00129
266,4.974,9625.0,id,8.322,0.0,4.874,0.05058,0.00163
267,4.984,9635.0,id,8.406,0.0,7.062,0.06108,0.00196
268,4.994,9645.0,id,8.481,0.0,7.213,0.07112,0.00228
269,5.004,9655.0,id,8.557,0.0,7.526,0.08039,0.00258
270,5.014,9665.0,id,8.669,0.0,10.039,0.08909,0.00286
271,5.024,9675.0,id,8.822,0.0,13.356,0.09704,0.00311
272,5.034,9685.0,id,8.975,0.0,14.381,0.10412,0.00334
273,5.044,9695.0,id,9.13,0.0,15.01,0.11027,0.00353
274,5.054,9705.0,id,9.316,0.0,17.351,0.11532,0.00369
275,5.064,9715.0,id,9.501,0.0,17.915,0.11944,0.00383
276,5.074,9725.0,id,9.692,0.0,18.908,0.12239,0.00392
277,5.084,9735.0,id,9.897,0.0,19.66,0.12428,0.00398
278,5.094,9745.0,id,10.104,0.0,20.199,0.12499,0.004
279,5.104,9755.0,id,10.319,0.0,20.729,0.12451,0.00398
280,5.114,9765.0,id,10.526,0.0,20.797,0.12289,0.00393
281,5.124,9775.0,id,10.741,0.0,20.881,0.12005,0.00384
282,5.134,9785.0,id,10.95,0.0,20.599,0.11602,0.00371
283,5.144,9795.0,id,11.152,0.0,20.293,0.11097,0.00355
284,5.154,9805.0,id,11.341,0.0,19.303,0.10474,0.00335
285,5.164,9815.0,id,11.531,0.0,18.936,0.09742,0.00311
286,5.174,9825.0,id,11.689,0.0,16.867,0.08931,0.00285
287,5.184,9835.0,id,11.838,0.0,15.588,0.0801,0.00256
288,5.194,9845.0,id,11.988,0.0,14.98,0.07003,0.00223
289,5.204,9855.0,id,12.099,0.0,12.431,0.05952,0.0019
290,5.214,9865.0,id,12.178,0.0,9.393,0.04806,0.00153
291,5.224,9875.0,id,12.24,0.0,7.227,0.03617,0.00115
292,5.234,9885.0,id,12.299,0.0,6.378,0.0238,0.00075
293,5.244,9895.0,id,12.362,0.0,6.338,0.01151,0.00036
294,5.254,9905.0,id,12.398,0.0,4.296,-0.00124,-5e-05
295,5.264,9915.0,id,12.39,0.0,0.993,-0.01396,-0.00046
296,5.274,9925.0,id,12.373,0.0,-0.648,-0.02657,-0.00086
297,5.284,9935.0,id,12.359,0.0,-1.109,-0.03894,-0.00126
298,5.294,9945.0,id,12.342,0.0,-1.5,-0.05093,-0.00164
299,5.304,9955.0,id,12.316,0.0,-2.194,-0.06255,-0.00201
300,5.314,9965.0,id,12.272,0.0,-3.689,-0.0732,-0.00235
301,5.324,9975.0,id,12.187,0.0,-6.875,-0.08335,-0.00268
302,5.334,9985.0,id,12.052,0.0,-11.085,-0.09267,-0.00297
303,5.344,9995.0,id,11.891,0.0,-14.268,-0.10077,-0.00323
304,5.354,10005.0,id,11.729,0.0,-15.378,-0.10798,-0.00346
305,5.364,10015.0,id,11.542,0.0,-17.545,-0.11404,-0.00365
306,5.374,10025.0,id,11.338,0.0,-19.096,-0.11882,-0.00381
307,5.384,10035.0,id,11.137,0.0,-19.924,-0.1222,-0.00391
308,5.394,10045.0,id,10.914,0.0,-21.005,-0.12431,-0.00398
309,5.404,10055.0,id,10.693,0.0,-21.593,-0.125,-0.004
310,5.414,10065.0,id,10.474,0.0,-21.967,-0.1243,-0.00398
311,5.424,10075.0,id,10.255,0.0,-21.747,-0.12214,-0.00391
312,5.434,10085.0,id,10.043,0.0,-21.402,-0.11867,-0.00379
313,5.444,10095.0,id,9.837,0.0,-20.693,-0.11374,-0.00364
314,5.454,10105.0,id,9.632,0.0,-20.336,-0.10746,-0.00343
315,5.464,10115.0,id,9.454,0.0,-18.538,-0.09989,-0.00319
316,5.474,10125.0,id,9.274,0.0,-18.21,-0.09136,-0.00292
317,5.484,10135.0,id,9.118,0.0,-16.108,-0.0815,-0.0026
318,5.494,10145.0,id,8.983,0.0,-14.367,-0.07065,-0.00225
319,5.504,10155.0,id,8.845,0.0,-13.833,-0.05894,-0.00188
320,5.514,10165.0,id,8.736,0.0,-11.911,-0.04683,-0.00149
321,5.524,10175.0,id,8.67,0.0,-8.258,-0.03374,-0.00107
322,5.534,10185.0,id,8.639,0.0,-4.874,-0.02028,-0.00064
323,5.544,10195.0,id,8.632,0.0,-2.177,-0.00658,-0.0002
324,5.554,10205.0,id,8.644,0.0,0.033,0.00724,0.00024
325,5.564,10215.0,id,8.667,0.0,1.533,0.02101,0.00068
326,5.574,10225.0,id,8.711,0.0,3.44,0.03464,0.00112
327,5.584,10235.0,id,8.774,0.0,5.242,0.04787,0.00154
328,5.594,10245.0,id,8.845,0.0,6.448,0.0602,0.00194
329,5.604,10255.0,id,8.92,0.0,7.055,0.07212,0.00232
330,5.614,10265.0,id,9.004,0.0,7.911,0.08317,0.00267
331,5.624,10275.0,id,9.112,0.0,9.723,0.09321,0.00299
332,5.634,10285.0,id,9.268,0.0,13.579,0.10205,0.00327
333,5.644,10295.0,id,9.426,0.0,15.038,0.10944,0.00351
334,5.654,10305.0,id,9.592,0.0,15.861,0.11561,0.0037
335,5.664,10315.0,id,9.79,0.0,18.157,0.1203,0.00385
336,5.674,10325.0,id,9.98,0.0,18.867,0.12334,0.00395
337,5.684,10335.0,id,10.189,0.0,19.968,0.12486,0.004
338,5.694,10345.0,id,10.402,0.0,20.461,0.12471,0.00399
339,5.704,10355.0,id,10.614,0.0,21.025,0.12294,0.00393
340,5.714,10365.0,id,10.825,0.0,20.796,0.11948,0.00382
341,5.724,10375.0,id,11.035,0.0,21.079,0.11452,0.00366
342,5.734,10385.0,id,11.232,0.0,19.8,0.10787,0.00345
343,5.744,10395.0,id,11.422,0.0,19.125,0.09972,0.00318
344,5.754,10405.0,id,11.598,0.0,18.181,0.09046,0.00289
345,5.764,10415.0,id,11.741,0.0,15.445,0.07969,0.00254
346,5.774,10425.0,id,11.884,0.0,14.626,0.0678,0.00216
347,5.784,10435.0,id,12.008,0.0,13.175,0.05526,0.00176
348,5.794,10445.0,id,12.089,0.0,9.694,0.04161,0.00132
349,5.804,10455.0,id,12.135,0.0,6.26,0.02726,0.00086
350,5.814,10465.0,id,12.154,0.0,3.293,0.01264,0.00039
351,5.824,10475.0,id,12.146,0.0,0.623,-0.00221,-8e-05
352,5.834,10485.0,id,12.128,0.0,-0.962,-0.01676,-0.00055
353,5.844,10495.0,id,12.094,0.0,-2.53,-0.03153,-0.00102
354,5.854,10505.0,id,12.037,0.0,-4.614,-0.04579,-0.00148
355,5.864,10515.0,id,11.956,0.0,-6.916,-0.05915,-0.0019
356,5.874,10525.0,id,11.868,0.0,-8.029,-0.07201,-0.00231
357,5.884,10535.0,id,11.775,0.0,-8.813,-0.08384,-0.00269
358,5.894,10545.0,id,11.655,0.0,-10.924,-0.09448,-0.00303
359,5.904,10555.0,id,11.491,0.0,-14.597,-0.10351,-0.00332
360,5.914,10565.0,id,11.315,0.0,-16.312,-0.11129,-0.00357
361,5.924,10575.0,id,11.126,0.0,-17.76,-0.11742,-0.00376
362,5.934,10585.0,id,10.919,0.0,-19.612,-0.12171,-0.0039
363,5.944,10595.0,id,10.707,0.0,-20.33,-0.12429,-0.00398
364,5.954,10605.0,id,10.483,0.0,-21.336,-0.12498,-0.004
365,5.964,10615.0,id,10.27,0.0,-21.446,-0.12381,-0.00396
366,5.974,10625.0,id,10.051,0.0,-21.37,-0.12073,-0.00386
367,5.984,10635.0,id,9.842,0.0,-20.761,-0.11578,-0.0037
368,5.994,10645.0,id,9.636,0.0,-20.667,-0.10922,-0.00349
369,6.004,10655.0,id,9.451,0.0,-19.056,-0.10068,-0.00321
370,6.014,10665.0,id,9.27,0.0,-18.585,-0.0909,-0.0029
371,6.024,10675.0,id,9.113,0.0,-16.318,-0.07944,-0.00253
372,6.034,10685.0,id,8.983,0.0,-14.143,-0.0667,-0.00212
373,6.044,10695.0,id,8.853,0.0,-13.447,-0.05323,-0.00169
374,6.054,10705.0,id,8.748,0.0,-11.285,-0.03861,-0.00122
375,6.064,10715.0,id,8.695,0.0,-7.307,-0.0233,-0.00073
376,6.074,10725.0,id,8.685,0.0,-3.085,-0.00748,-0.00023
377,6.084,10735.0,id,8.702,0.0,-0.086,0.00801,0.00027
378,6.094,10745.0,id,8.731,0.0,1.791,0.02378,0.00077
379,6.104,10755.0,id,8.773,0.0,3.283,0.0392,0.00127
380,6.114,10765.0,id,8.828,0.0,4.693,0.05401,0.00174
381,6.124,10775.0,id,8.896,0.0,5.918,0.06802,0.00219
382,6.134,10785.0,id,8.972,0.0,7.052,0.08088,0.0026
383,6.144,10795.0,id,9.067,0.0,8.751,0.09219,0.00296
384,6.154,10805.0,id,9.207,0.0,12.199,0.1023,0.00328
385,6.164,10815.0,id,9.379,0.0,15.11,0.11074,0.00355
386,6.174,10825.0,id,9.547,0.0,16.091,0.11732,0.00376
387,6.184,10835.0,id,9.739,0.0,18.419,0.12183,0.0039
388,6.194,10845.0,id,9.939,0.0,19.132,0.12444,0.00398
389,6.204,10855.0,id,10.149,0.0,20.291,0.12492,0.004
390,6.214,10865.0,id,10.361,0.0,20.609,0.12325,0.00394
391,6.224,10875.0,id,10.569,0.0,20.964,0.11958,0.00382
392,6.234,10885.0,id,10.778,0.0,20.689,0.11377,0.00363
393,6.244,10895.0,id,10.977,0.0,20.007,0.10594,0.00338
394,6.254,10905.0,id,11.163,0.0,19.022,0.09651,0.00308
395,6.264,10915.0,id,11.325,0.0,17.133,0.08515,0.00271
396,6.274,10925.0,id,11.482,0.0,15.915,0.07224,0.0023
397,6.284,10935.0,id,11.609,0.0,13.676,0.05836,0.00186
398,6.294,10945.0,id,11.686,0.0,9.613,0.04304,0.00136
399,6.304,10955.0,id,11.74,0.0,6.843,0.02699,0.00085
400,6.314,10965.0,id,11.783,0.0,5.126,0.01049,0.00032
401,6.324,10975.0,id,11.809,0.0,3.408,-0.00624,-0.00021
402,6.334,10985.0,id,11.812,0.0,1.382,-0.02254,-0.00073
403,6.344,10995.0,id,11.793,0.0,-0.715,-0.03882,-0.00126
404,6.354,11005.0,id,11.758,0.0,-2.605,-0.05441,-0.00175
405,6.364,11015.0,id,11.692,0.0,-5.299,-0.06912,-0.00222
406,6.374,11025.0,id,11.577,0.0,-9.474,-0.08257,-0.00265
407,6.384,11035.0,id,11.431,0.0,-12.56,-0.09453,-0.00303
408,6.394,11045.0,id,11.282,0.0,-14.165,-0.10457,-0.00335
409,6.404,11055.0,id,11.109,0.0,-16.168,-0.11296,-0.00362
410,6.414,11065.0,id,10.908,0.0,-18.37,-0.11922,-0.00382
411,6.424,11075.0,id,10.707,0.0,-19.6,-0.12318,-0.00394
412,6.434,11085.0,id,10.488,0.0,-20.827,-0.12493,-0.004
413,6.444,11095.0,id,10.27,0.0,-21.269,-0.1243,-0.00398
414,6.454,11105.0,id,10.055,0.0,-21.375,-0.12138,-0.00388
415,6.464,11115.0,id,9.845,0.0,-20.927,-0.11608,-0.00371
416,6.474,11125.0,id,9.635,0.0,-20.707,-0.10854,-0.00347
417,6.484,11135.0,id,9.457,0.0,-19.019,-0.09914,-0.00316
418,6.494,11145.0,id,9.274,0.0,-18.362,-0.08758,-0.00279
419,6.504,11155.0,id,9.124,0.0,-15.759,-0.07429,-0.00237
420,6.514,11165.0,id,9.003,0.0,-13.341,-0.05954,-0.00189
421,6.524,11175.0,id,8.883,0.0,-12.361,-0.04363,-0.00138
422,6.534,11185.0,id,8.794,0.0,-10.064,-0.02715,-0.00085
423,6.544,11195.0,id,8.75,0.0,-6.24,-0.0098,-0.0003
424,6.554,11205.0,id,8.75,0.0,-2.126,0.00786,0.00027
425,6.564,11215.0,id,8.774,0.0,0.808,0.02529,0.00082
426,6.574,11225.0,id,8.811,0.0,2.704,0.0423,0.00137
427,6.584,11235.0,id,8.862,0.0,4.194,0.05853,0.00189
428,6.594,11245.0,id,8.925,0.0,5.536,0.07327,0.00236
429,6.604,11255.0,id,9.008,0.0,7.31,0.08691,0.00279
430,6.614,11265.0,id,9.121,0.0,9.939,0.09885,0.00317
431,6.624,11275.0,id,9.288,0.0,14.344,0.10878,0.00349
432,6.634,11285.0,id,9.454,0.0,15.814,0.11635,0.00373
433,6.644,11295.0,id,9.636,0.0,17.313,0.12171,0.0039
434,6.654,11305.0,id,9.844,0.0,19.228,0.12454,0.00399
435,6.664,11315.0,id,10.04,0.0,19.608,0.12481,0.00399
436,6.674,11325.0,id,10.258,0.0,20.757,0.12249,0.00392
437,6.684,11335.0,id,10.465,0.0,20.466,0.11759,0.00376
438,6.694,11345.0,id,10.669,0.0,20.425,0.1104,0.00353
439,6.704,11355.0,id,10.862,0.0,19.459,0.10069,0.00321
440,6.714,11365.0,id,11.046,0.0,18.586,0.08878,0.00283
441,6.724,11375.0,id,11.195,0.0,16.106,0.07533,0.0024
442,6.734,11385.0,id,11.324,0.0,13.949,0.05986,0.0019
443,6.744,11395.0,id,11.434,0.0,11.871,0.0431,0.00136
444,6.754,11405.0,id,11.522,0.0,9.875,0.02587,0.00081
445,6.764,11415.0,id,11.557,0.0,5.565,0.00766,0.00023
446,6.774,11425.0,id,11.545,0.0,1.177,-0.0107,-0.00036
447,6.784,11435.0,id,11.514,0.0,-1.498,-0.02909,-0.00095
448,6.794,11445.0,id,11.477,0.0,-2.838,-0.0467,-0.00151
449,6.804,11455.0,id,11.431,0.0,-3.908,-0.06336,-0.00204
450,6.814,11465.0,id,11.361,0.0,-6.042,-0.07839,-0.00252
451,6.824,11475.0,id,11.249,0.0,-9.289,-0.09201,-0.00295
452,6.834,11485.0,id,11.103,0.0,-12.735,-0.10362,-0.00332
453,6.844,11495.0,id,10.925,0.0,-15.994,-0.1127,-0.00361
454,6.854,11505.0,id,10.736,0.0,-17.761,-0.11954,-0.00383
455,6.864,11515.0,id,10.526,0.0,-19.722,-0.12367,-0.00396
456,6.874,11525.0,id,10.322,0.0,-20.25,-0.125,-0.004
457,6.884,11535.0,id,10.098,0.0,-21.271,-0.12354,-0.00395
458,6.894,11545.0,id,9.885,0.0,-21.069,-0.11922,-0.00381
459,6.904,11555.0,id,9.672,0.0,-20.957,-0.11216,-0.00358
460,6.914,11565.0,id,9.486,0.0,-19.495,-0.10278,-0.00328
461,6.924,11575.0,id,9.299,0.0,-18.746,-0.09073,-0.00289
462,6.934,11585.0,id,9.136,0.0,-16.689,-0.07659,-0.00244
463,6.944,11595.0,id,9.015,0.0,-13.985,-0.06106,-0.00194
464,6.954,11605.0,id,8.897,0.0,-12.452,-0.04373,-0.00138
465,6.964,11615.0,id,8.8,0.0,-10.359,-0.02519,-0.00079
466,6.974,11625.0,id,8.757,0.0,-6.263,-0.00616,-0.00018
467,6.984,11635.0,id,8.762,0.0,-1.834,0.01295,0.00043
468,6.994,11645.0,id,8.79,0.0,1.151,0.03187,0.00104
469,7.004,11655.0,id,8.831,0.0,3.134,0.04986,0.00161
470,7.014,11665.0,id,8.889,0.0,4.806,0.06704,0.00216
471,7.024,11675.0,id,8.963,0.0,6.471,0.08246,0.00265
472,7.034,11685.0,id,9.06,0.0,8.658,0.09573,0.00307
473,7.044,11695.0,id,9.201,0.0,12.243,0.10705,0.00343
474,7.054,11705.0,id,9.38,0.0,15.574,0.11581,0.00371
475,7.064,11715.0,id,9.56,0.0,16.922,0.12174,0.0039
476,7.074,11725.0,id,9.759,0.0,19.096,0.12464,0.00399
477,7.084,11735.0,id,9.963,0.0,19.694,0.12458,0.00399
478,7.094,11745.0,id,10.176,0.0,20.637,0.12144,0.00388
479,7.104,11755.0,id,10.38,0.0,20.482,0.11543,0.00369
480,7.114,11765.0,id,10.586,0.0,20.361,0.10639,0.0034
481,7.124,11775.0,id,10.769,0.0,19.055,0.09499,0.00303
482,7.134,11785.0,id,10.937,0.0,17.409,0.08092,0.00258
483,7.144,11795.0,id,11.092,0.0,15.892,0.06475,0.00206
484,7.154,11805.0,id,11.189,0.0,11.816,0.04738,0.0015
485,7.164,11815.0,id,11.261,0.0,8.791,0.02837,0.00089
486,7.174,11825.0,id,11.318,0.0,6.647,0.00853,0.00026
487,7.184,11835.0,id,11.333,0.0,3.176,-0.0114,-0.00038
488,7.194,11845.0,id,11.315,0.0,-0.07,-0.03104,-0.00101
489,7.204,11855.0,id,11.281,0.0,-2.161,-0.04996,-0.00161
490,7.214,11865.0,id,11.229,0.0,-4.238,-0.06729,-0.00217
491,7.224,11875.0,id,11.135,0.0,-7.687,-0.08336,-0.00268
492,7.234,11885.0,id,10.988,0.0,-12.065,-0.09732,-0.00312
493,7.244,11895.0,id,10.838,0.0,-14.105,-0.10846,-0.00348
494,7.254,11905.0,id,10.657,0.0,-16.543,-0.1171,-0.00375
495,7.264,11915.0,id,10.454,0.0,-18.705,-0.12264,-0.00393
496,7.274,11925.0,id,10.249,0.0,-20.123,-0.12492,-0.004
497,7.284,11935.0,id,10.031,0.0,-20.922,-0.12397,-0.00396
498,7.294,11945.0,id,9.817,0.0,-20.991,-0.11968,-0.00382
499,7.304,11955.0,id,9.609,0.0,-20.912,-0.11241,-0.00359
500,7.314,11965.0,id,9.416,0.0,-19.786,-0.10195,-0.00325
501,7.324,11975.0,id,9.227,0.0,-18.986,-0.08873,-0.00283
502,7.334,11985.0,id,9.083,0.0,-15.964,-0.07348,-0.00234
503,7.344,11995.0,id,8.951,0.0,-14.105,-0.05585,-0.00177
504,7.354,12005.0,id,8.834,0.0,-12.322,-0.0367,-0.00116
505,7.364,12015.0,id,8.761,0.0,-8.887,-0.01657,-0.00051
506,7.374,12025.0,id,8.742,0.0,-4.188,0.00415,0.00015
507,7.384,12035.0,id,8.764,0.0,-0.136,0.0242,0.00079
508,7.394,12045.0,id,8.802,0.0,2.438,0.04408,0.00143
509,7.404,12055.0,id,8.859,0.0,4.518,0.06288,0.00203
510,7.414,12065.0,id,8.931,0.0,6.216,0.07994,0.00257
511,7.424,12075.0,id,9.026,0.0,8.343,0.09484,0.00305
512,7.434,12085.0,id,9.156,0.0,11.433,0.10712,0.00344
513,7.444,12095.0,id,9.333,0.0,15.459,0.1162,0.00372
514,7.454,12105.0,id,9.514,0.0,17.004,0.12228,0.00392
515,7.464,12115.0,id,9.715,0.0,19.018,0.1249,0.004
516,7.474,12125.0,id,9.917,0.0,19.875,0.12403,0.00397
517,7.484,12135.0,id,10.124,0.0,20.231,0.11963,0.00382
518,7.494,12145.0,id,10.334,0.0,20.35,0.11178,0.00357
519,7.504,12155.0,id,10.529,0.0,19.579,0.10069,0.00321
520,7.514,12165.0,id,10.707,0.0,18.363,0.08705,0.00277
521,7.524,12175.0,id,10.862,0.0,16.248,0.07052,0.00224
522,7.534,12185.0,id,10.993,0.0,14.007,0.05193,0.00165
523,7.544,12195.0,id,11.094,0.0,11.341,0.03227,0.00102
524,7.554,12205.0,id,11.126,0.0,5.77,0.01107,0.00034
525,7.564,12215.0,id,11.108,0.0,0.841,-0.00993,-0.00034
526,7.574,12225.0,id,11.066,0.0,-2.347,-0.03119,-0.00102
527,7.584,12235.0,id,11.019,0.0,-3.848,-0.05147,-0.00166
528,7.594,12245.0,id,10.963,0.0,-4.917,-0.07022,-0.00226
529,7.604,12255.0,id,10.885,0.0,-6.909,-0.08659,-0.00278
530,7.614,12265.0,id,10.756,0.0,-10.739,-0.10087,-0.00324
531,7.624,12275.0,id,10.591,0.0,-14.474,-0.1121,-0.0036
532,7.634,12285.0,id,10.41,0.0,-16.911,-0.11982,-0.00384
533,7.644,12295.0,id,10.204,0.0,-19.129,-0.12419,-0.00398
534,7.654,12305.0,id,9.992,0.0,-20.215,-0.12477,-0.00399
535,7.664,12315.0,id,9.782,0.0,-20.97,-0.12167,-0.00389
536,7.674,12325.0,id,9.572,0.0,-20.618,-0.11484,-0.00367
537,7.684,12335.0,id,9.37,0.0,-20.176,-0.10441,-0.00333
538,7.694,12345.0,id,9.179,0.0,-19.458,-0.09113,-0.0029
539,7.704,12355.0,id,9.031,0.0,-16.374,-0.07476,-0.00238
540,7.714,12365.0,id,8.886,0.0,-14.98,-0.05606,-0.00178
541,7.724,12375.0,id,8.77,0.0,-12.579,-0.03559,-0.00112
542,7.734,12385.0,id,8.713,0.0,-8.08,-0.01453,-0.00045
543,7.744,12395.0,id,8.71,0.0,-2.962,0.00748,0.00026
544,7.754,12405.0,id,8.741,0.0,0.859,0.02944,0.00096
545,7.764,12415.0,id,8.79,0.0,3.46,0.05033,0.00163
546,7.774,12425.0,id,8.86,0.0,5.771,0.06979,0.00225
547,7.784,12435.0,id,8.945,0.0,7.473,0.08702,0.0028
548,7.794,12445.0,id,9.05,0.0,9.626,0.10127,0.00325
549,7.804,12455.0,id,9.199,0.0,13.145,0.11268,0.00361
550,7.814,12465.0,id,9.386,0.0,16.368,0.12054,0.00386
551,7.824,12475.0,id,9.569,0.0,17.641,0.12446,0.00398
552,7.834,12485.0,id,9.781,0.0,19.722,0.12452,0.00398
553,7.844,12495.0,id,9.986,0.0,19.996,0.12053,0.00385
554,7.854,12505.0,id,10.195,0.0,20.392,0.11265,0.0036
555,7.864,12515.0,id,10.388,0.0,19.752,0.1014,0.00323
556,7.874,12525.0,id,10.571,0.0,18.74,0.08657,0.00276
557,7.884,12535.0,id,10.723,0.0,16.129,0.06889,0.00219
558,7.894,12545.0,id,10.848,0.0,13.531,0.04889,0.00155
559,7.904,12555.0,id,10.934,0.0,10.375,0.02781,0.00087
560,7.914,12565.0,id,10.997,0.0,7.587,0.00522,0.00015
561,7.924,12575.0,id,11.023,0.0,4.219,-0.01744,-0.00058
562,7.934,12585.0,id,11.006,0.0,0.39,-0.03958,-0.00128
563,7.944,12595.0,id,10.969,0.0,-2.259,-0.06,-0.00194
564,7.954,12605.0,id,10.907,0.0,-4.918,-0.079,-0.00254
565,7.964,12615.0,id,10.796,0.0,-9.029,-0.09538,-0.00306
566,7.974,12625.0,id,10.649,0.0,-12.621,-0.10856,-0.00348
567,7.984,12635.0,id,10.471,0.0,-15.929,-0.11789,-0.00378
568,7.994,12645.0,id,10.276,0.0,-18.061,-0.12352,-0.00396
569,8.004,12655.0,id,10.064,0.0,-19.911,-0.12495,-0.004
570,8.014,12665.0,id,9.853,0.0,-20.528,-0.12215,-0.0039
571,8.024,12675.0,id,9.633,0.0,-21.167,-0.11516,-0.00368
572,8.034,12685.0,id,9.443,0.0,-19.987,-0.1045,-0.00333
573,8.044,12695.0,id,9.251,0.0,-19.206,-0.08999,-0.00287
574,8.054,12705.0,id,9.097,0.0,-16.329,-0.07233,-0.0023
575,8.064,12715.0,id,8.969,0.0,-13.871,-0.05209,-0.00165
576,8.074,12725.0,id,8.86,0.0,-11.945,-0.03066,-0.00096
577,8.084,12735.0,id,8.791,0.0,-8.347,-0.00745,-0.00022
578,8.094,12745.0,id,8.781,0.0,-3.504,0.01582,0.00053
579,8.104,12755.0,id,8.81,0.0,0.595,0.03857,0.00125
580,8.114,12765.0,id,8.859,0.0,3.351,0.06016,0.00194
581,8.124,12775.0,id,8.923,0.0,5.386,0.07915,0.00255
582,8.134,12785.0,id,9.015,0.0,7.84,0.09588,0.00308
583,8.144,12795.0,id,9.144,0.0,11.118,0.10925,0.00351
584,8.154,12805.0,id,9.328,0.0,15.646,0.11872,0.00381
585,8.164,12815.0,id,9.512,0.0,17.222,0.12397,0.00397
586,8.174,12825.0,id,9.71,0.0,19.07,0.1248,0.00399
587,8.184,12835.0,id,9.919,0.0,19.832,0.12119,0.00387
588,8.194,12845.0,id,10.124,0.0,20.106,0.11321,0.00361
589,8.204,12855.0,id,10.322,0.0,19.944,0.10145,0.00323
590,8.214,12865.0,id,10.5,0.0,18.369,0.08564,0.00273
591,8.224,12875.0,id,10.66,0.0,16.499,0.06674,0.00212
592,8.234,12885.0,id,10.776,0.0,13.181,0.04542,0.00144
593,8.244,12895.0,id,10.859,0.0,9.957,0.02299,0.00072
594,8.254,12905.0,id,10.893,0.0,5.624,-0.00078,-4e-05
595,8.264,12915.0,id,10.888,0.0,1.622,-0.02515,-0.00082
596,8.274,12925.0,id,10.85,0.0,-1.943,-0.04752,-0.00154
597,8.284,12935.0,id,10.778,0.0,-5.356,-0.0689,-0.00222
598,8.294,12945.0,id,10.68,0.0,-8.289,-0.08764,-0.00282
599,8.304,12955.0,id,10.542,0.0,-11.817,-0.10318,-0.00331
600,8.314,12965.0,id,10.385,0.0,-14.316,-0.11463,-0.00368
601,8.324,12975.0,id,10.192,0.0,-17.419,-0.12211,-0.00391
602,8.334,12985.0,id,9.988,0.0,-19.068,-0.12498,-0.004
603,8.344,12995.0,id,9.779,0.0,-20.382,-0.12319,-0.00394
604,8.354,13005.0,id,9.566,0.0,-20.618,-0.11674,-0.00373
605,8.364,13015.0,id,9.362,0.0,-20.335,-0.10581,-0.00338
606,8.374,13025.0,id,9.166,0.0,-19.559,-0.0908,-0.00289
607,8.384,13035.0,id,9.02,0.0,-16.526,-0.07286,-0.00231
608,8.394,13045.0,id,8.877,0.0,-14.937,-0.05168,-0.00164
609,8.404,13055.0,id,8.768,0.0,-12.036,-0.02847,-0.00089
610,8.414,13065.0,id,8.722,0.0,-6.956,-0.00396,-0.00011
611,8.424,13075.0,id,8.733,0.0,-1.766,0.02018,0.00067
612,8.434,13085.0,id,8.773,0.0,1.884,0.04401,0.00143
613,8.444,13095.0,id,8.837,0.0,4.78,0.06618,0.00214
614,8.454,13105.0,id,8.92,0.0,6.979,0.08576,0.00276
615,8.464,13115.0,id,9.024,0.0,9.359,0.10165,0.00326
616,8.474,13125.0,id,9.166,0.0,12.52,0.11401,0.00366
617,8.484,13135.0,id,9.357,0.0,16.479,0.12193,0.00391
618,8.494,13145.0,id,9.546,0.0,18.08,0.12495,0.004
619,8.504,13155.0,id,9.756,0.0,19.914,0.12312,0.00394
620,8.514,13165.0,id,9.962,0.0,20.053,0.11634,0.00372
621,8.524,13175.0,id,10.156,0.0,19.853,0.10524,0.00336
622,8.534,13185.0,id,10.344,0.0,18.669,0.08962,0.00285
623,8.544,13195.0,id,10.503,0.0,16.646,0.07039,0.00224
624,8.554,13205.0,id,10.637,0.0,14.38,0.04885,0.00154
625,8.564,13215.0,id,10.721,0.0,10.316,0.02483,0.00077
626,8.574,13225.0,id,10.767,0.0,6.524,-0.00014,-3e-05
627,8.584,13235.0,id,10.772,0.0,2.469,-0.02547,-0.00084
628,8.594,13245.0,id,10.742,0.0,-1.045,-0.04898,-0.00159
629,8.604,13255.0,id,10.683,0.0,-4.317,-0.07112,-0.00229
630,8.614,13265.0,id,10.574,0.0,-8.582,-0.09041,-0.00291
631,8.624,13275.0,id,10.44,0.0,-11.633,-0.10571,-0.00339
632,8.634,13285.0,id,10.272,0.0,-15.007,-0.11707,-0.00375
633,8.644,13295.0,id,10.075,0.0,-17.775,-0.12353,-0.00396
634,8.654,13305.0,id,9.876,0.0,-19.29,-0.12486,-0.00399
635,8.664,13315.0,id,9.655,0.0,-20.843,-0.12103,-0.00387
636,8.674,13325.0,id,9.451,0.0,-20.448,-0.11215,-0.00358
637,8.684,13335.0,id,9.253,0.0,-20.151,-0.09893,-0.00315
638,8.694,13345.0,id,9.083,0.0,-17.66,-0.08124,-0.00258
639,8.704,13355.0,id,8.934,0.0,-15.686,-0.06009,-0.0019
640,8.714,13365.0,id,8.807,0.0,-13.457,-0.03633,-0.00114
641,8.724,13375.0,id,8.736,0.0,-9.241,-0.01172,-0.00035
642,8.734,13385.0,id,8.73,0.0,-3.501,0.01427,0.00048
643,8.744,13395.0,id,8.765,0.0,1.019,0.03953,0.00128
644,8.754,13405.0,id,8.82,0.0,3.957,0.06241,0.00202
645,8.764,13415.0,id,8.902,0.0,6.526,0.08343,0.00269
646,8.774,13425.0,id,9.004,0.0,8.914,0.10084,0.00324
647,8.784,13435.0,id,9.143,0.0,12.109,0.11394,0.00365
648,8.794,13445.0,id,9.33,0.0,16.515,0.12198,0.00391
649,8.804,13455.0,id,9.518,0.0,17.813,0.12499,0.004
650,8.814,13465.0,id,9.727,0.0,19.669,0.12255,0.00392
651,8.824,13475.0,id,9.933,0.0,19.892,0.11475,0.00366
652,8.834,13485.0,id,10.126,0.0,19.611,0.10222,0.00326
653,8.844,13495.0,id,10.311,0.0,18.571,0.08493,0.0027
654,8.854,13505.0,id,10.462,0.0,16.094,0.06388,0.00203
655,8.864,13515.0,id,10.586,0.0,13.756,0.04056,0.00128
656,8.874,13525.0,id,10.66,0.0,9.336,0.0148,0.00045
657,8.884,13535.0,id,10.673,0.0,4.171,-0.01112,-0.00038
658,8.894,13545.0,id,10.644,0.0,-0.407,-0.03713,-0.00121
659,8.904,13555.0,id,10.583,0.0,-4.094,-0.06144,-0.00198
660,8.914,13565.0,id,10.5,0.0,-6.814,-0.08246,-0.00265
661,8.924,13575.0,id,10.391,0.0,-9.468,-0.10042,-0.00323
662,8.934,13585.0,id,10.233,0.0,-13.55,-0.11392,-0.00365
663,8.944,13595.0,id,10.052,0.0,-16.518,-0.12209,-0.00391
664,8.954,13605.0,id,9.853,0.0,-18.57,-0.125,-0.004
665,8.964,13615.0,id,9.633,0.0,-20.423,-0.1222,-0.00391
666,8.974,13625.0,id,9.432,0.0,-20.387,-0.11408,-0.00364
667,8.984,13635.0,id,9.222,0.0,-20.593,-0.10059,-0.00321
668,8.994,13645.0,id,9.052,0.0,-18.053,-0.08246,-0.00262
669,9.004,13655.0,id,8.9,0.0,-16.294,-0.06101,-0.00193
670,9.014,13665.0,id,8.773,0.0,-13.677,-0.03631,-0.00114
671,9.024,13675.0,id,8.708,0.0,-8.679,-0.00973,-0.00029
672,9.034,13685.0,id,8.711,0.0,-2.796,0.01704,0.00057
673,9.044,13695.0,id,8.753,0.0,1.646,0.04266,0.00139
674,9.054,13705.0,id,8.817,0.0,4.756,0.06672,0.00215
675,9.064,13715.0,id,8.906,0.0,7.334,0.08788,0.00283
676,9.074,13725.0,id,9.018,0.0,9.818,0.10492,0.00337
677,9.084,13735.0,id,9.164,0.0,12.95,0.11708,0.00375
678,9.094,13745.0,id,9.356,0.0,16.854,0.12369,0.00396
679,9.104,13755.0,id,9.551,0.0,18.292,0.12466,0.00399
680,9.114,13765.0,id,9.762,0.0,19.991,0.11971,0.00382
681,9.124,13775.0,id,9.962,0.0,19.608,0.10904,0.00348
682,9.134,13785.0,id,10.149,0.0,19.083,0.0936,0.00298
683,9.144,13795.0,id,10.321,0.0,17.428,0.07329,0.00233
684,9.154,13805.0,id,10.451,0.0,14.366,0.04951,0.00156
685,9.164,13815.0,id,10.551,0.0,11.531,0.02394,0.00074
686,9.174,13825.0,id,10.604,0.0,7.238,-0.00333,-0.00013
687,9.184,13835.0,id,10.594,0.0,1.771,-0.03039,-0.00099
688,9.194,13845.0,id,10.549,0.0,-2.23,-0.05605,-0.00181
689,9.204,13855.0,id,10.485,0.0,-4.927,-0.07923,-0.00255
690,9.214,13865.0,id,10.385,0.0,-8.283,-0.0985,-0.00317
691,9.224,13875.0,id,10.238,0.0,-12.648,-0.11272,-0.00362
692,9.234,13885.0,id,10.054,0.0,-16.152,-0.12186,-0.0039
693,9.244,13895.0,id,9.856,0.0,-18.35,-0.125,-0.004
694,9.254,13905.0,id,9.641,0.0,-20.52,-0.12212,-0.0039
695,9.264,13915.0,id,9.437,0.0,-20.291,-0.11315,-0.00361
696,9.274,13925.0,id,9.228,0.0,-20.412,-0.09855,-0.00314
697,9.284,13935.0,id,9.067,0.0,-17.584,-0.07962,-0.00253
698,9.294,13945.0,id,8.917,0.0,-15.771,-0.05629,-0.00178
699,9.304,13955.0,id,8.796,0.0,-13.072,-0.03004,-0.00094
700,9.314,13965.0,id,8.738,0.0,-8.161,-0.00241,-5e-05
701,9.324,13975.0,id,8.745,0.0,-2.339,0.02502,0.00082
702,9.334,13985.0,id,8.79,0.0,2.035,0.05154,0.00167
703,9.344,13995.0,id,8.86,0.0,5.24,0.07567,0.00244
704,9.354,14005.0,id,8.954,0.0,7.858,0.09594,0.00308
705,9.364,14015.0,id,9.075,0.0,10.775,0.11114,0.00357
706,9.374,14025.0,id,9.247,0.0,14.998,0.12113,0.00388
707,9.384,14035.0,id,9.443,0.0,17.6,0.12497,0.004
708,9.394,14045.0,id,9.64,0.0,18.998,0.12252,0.00392
709,9.404,14055.0,id,9.85,0.0,19.917,0.11381,0.00363
710,9.414,14065.0,id,10.041,0.0,19.189,0.09925,0.00316
711,9.424,14075.0,id,10.224,0.0,18.284,0.07948,0.00253
712,9.434,14085.0,id,10.364,0.0,15.443,0.05631,0.00178
713,9.444,14095.0,id,10.468,0.0,12.006,0.02953,0.00092
714,9.454,14105.0,id,10.537,0.0,8.529,0.00106,1e-05
715,9.464,14115.0,id,10.555,0.0,4.119,-0.02651,-0.00087
716,9.474,14125.0,id,10.528,0.0,-0.324,-0.05355,-0.00173
717,9.484,14135.0,id,10.472,0.0,-3.72,-0.07777,-0.00251
718,9.494,14145.0,id,10.376,0.0,-7.642,-0.09799,-0.00315
719,9.504,14155.0,id,10.222,0.0,-12.65,-0.11311,-0.00363
720,9.514,14165.0,id,10.045,0.0,-16.027,-0.12214,-0.00391
721,9.524,14175.0,id,9.845,0.0,-18.482,-0.12498,-0.004
722,9.534,14185.0,id,9.627,0.0,-20.359,-0.12118,-0.00387
723,9.544,14195.0,id,9.429,0.0,-20.153,-0.11125,-0.00355
724,9.554,14205.0,id,9.221,0.0,-20.374,-0.09514,-0.00303
725,9.564,14215.0,id,9.063,0.0,-17.13,-0.07398,-0.00235
726,9.574,14225.0,id,8.925,0.0,-15.093,-0.04951,-0.00156
727,9.584,14235.0,id,8.814,0.0,-12.208,-0.02173,-0.00067
728,9.594,14245.0,id,8.767,0.0,-7.185,0.00704,0.00025
729,9.604,14255.0,id,8.784,0.0,-1.418,0.03545,0.00116
730,9.614,14265.0,id,8.834,0.0,2.736,0.06214,0.00201
731,9.624,14275.0,id,8.911,0.0,5.871,0.08552,0.00275
732,9.634,14285.0,id,9.014,0.0,8.727,0.10427,0.00335
733,9.644,14295.0,id,9.158,0.0,12.453,0.1174,0.00377
734,9.654,14305.0,id,9.35,0.0,16.807,0.12408,0.00397
735,9.664,14315.0,id,9.544,0.0,18.282,0.12419,0.00397
736,9.674,14325.0,id,9.756,0.0,20.048,0.11744,0.00375
737,9.684,14335.0,id,9.949,0.0,19.665,0.10459,0.00333
738,9.694,14345.0,id,10.133,0.0,18.671,0.08564,0.00272
739,9.704,14355.0,id,10.295,0.0,16.746,0.06197,0.00196
740,9.714,14365.0,id,10.4,0.0,12.801,0.03553,0.00111
741,9.724,14375.0,id,10.469,0.0,8.81,0.0065,0.00018
742,9.734,14385.0,id,10.497,0.0,4.706,-0.02312,-0.00076
743,9.744,14395.0,id,10.479,0.0,0.396,-0.05126,-0.00166
744,9.754,14405.0,id,10.425,0.0,-3.435,-0.07602,-0.00245
745,9.764,14415.0,id,10.322,0.0,-7.936,-0.09724,-0.00313
746,9.774,14425.0,id,10.164,0.0,-12.973,-0.11309,-0.00363
747,9.784,14435.0,id,9.994,0.0,-15.703,-0.12232,-0.00392
748,9.794,14445.0,id,9.793,0.0,-18.45,-0.12494,-0.004
749,9.804,14455.0,id,9.578,0.0,-19.974,-0.12046,-0.00385
750,9.814,14465.0,id,9.371,0.0,-20.277,-0.1091,-0.00348
751,9.824,14475.0,id,9.175,0.0,-19.856,-0.09201,-0.00293
752,9.834,14485.0,id,9.021,0.0,-16.712,-0.06929,-0.0022
753,9.844,14495.0,id,8.882,0.0,-14.601,-0.04248,-0.00134
754,9.854,14505.0,id,8.787,0.0,-11.119,-0.01399,-0.00042
755,9.864,14515.0,id,8.759,0.0,-5.472,0.01601,0.00054
756,9.874,14525.0,id,8.79,0.0,0.052,0.04498,0.00146
757,9.884,14535.0,id,8.851,0.0,3.953,0.07155,0.00231
758,9.894,14545.0,id,8.939,0.0,6.964,0.09398,0.00302
759,9.904,14555.0,id,9.058,0.0,10.199,0.11097,0.00356
760,9.914,14565.0,id,9.219,0.0,14.323,0.12133,0.00389
761,9.924,14575.0,id,9.419,0.0,17.57,0.125,0.004
762,9.934,14585.0,id,9.617,0.0,18.721,0.12129,0.00388
763,9.944,14595.0,id,9.824,0.0,19.934,0.11078,0.00353
764,9.954,14605.0,id,10.011,0.0,18.897,0.09356,0.00298
765,9.964,14615.0,id,10.183,0.0,17.548,0.07075,0.00224
766,9.974,14625.0,id,10.316,0.0,14.467,0.04372,0.00138
767,9.984,14635.0,id,10.391,0.0,9.946,0.01469,0.00045
768,9.994,14645.0,id,10.42,0.0,5.227,-0.01579,-0.00053
769,10.004,14655.0,id,10.4,0.0,0.498,-0.0448,-0.00146
770,10.014,14665.0,id,10.344,0.0,-3.587,-0.07181,-0.00232
771,10.024,14675.0,id,10.235,0.0,-8.382,-0.09457,-0.00304
772,10.034,14685.0,id,10.092,0.0,-12.246,-0.11133,-0.00357
773,10.044,14695.0,id,9.923,0.0,-15.224,-0.12182,-0.0039
774,10.054,14705.0,id,9.718,0.0,-18.554,-0.12497,-0.004
775,10.064,14715.0,id,9.515,0.0,-19.713,-0.12071,-0.00386
776,10.074,14725.0,id,9.302,0.0,-20.57,-0.10904,-0.00348
777,10.084,14735.0,id,9.109,0.0,-19.325,-0.0907,-0.00288
778,10.094,14745.0,id,8.951,0.0,-17.299,-0.06752,-0.00214
779,10.104,14755.0,id,8.81,0.0,-14.959,-0.03955,-0.00124
780,10.114,14765.0,id,8.73,0.0,-10.147,-0.00924,-0.00027
781,10.124,14775.0,id,8.725,0.0,-3.803,0.02119,0.0007
782,10.134,14785.0,id,8.768,0.0,1.411,0.05084,0.00165
783,10.144,14795.0,id,8.843,0.0,5.354,0.07737,0.0025
784,10.154,14805.0,id,8.943,0.0,8.287,0.0992,0.00319
785,10.164,14815.0,id,9.072,0.0,11.252,0.11491,0.00369
786,10.174,14825.0,id,9.247,0.0,15.569,0.12338,0.00395
787,10.184,14835.0,id,9.448,0.0,18.145,0.12449,0.00398
788,10.194,14845.0,id,9.647,0.0,19.058,0.11777,0.00376
789,10.204,14855.0,id,9.85,0.0,19.744,0.10412,0.00332
790,10.214,14865.0,id,10.028,0.0,18.261,0.08365,0.00266
791,10.224,14875.0,id,10.186,0.0,16.48,0.05787,0.00183
792,10.234,14885.0,id,10.296,0.0,12.878,0.0291,0.00091
793,10.244,14895.0,id,10.344,0.0,7.363,-0.00243,-0.0001
794,10.254,14905.0,id,10.333,0.0,1.862,-0.0331,-0.00108
795,10.264,14915.0,id,10.279,0.0,-2.851,-0.06225,-0.00201
796,10.274,14925.0,id,10.184,0.0,-7.106,-0.08744,-0.00282
797,10.284,14935.0,id,10.066,0.0,-10.16,-0.10662,-0.00343
798,10.294,14945.0,id,9.908,0.0,-13.713,-0.1196,-0.00383
799,10.304,14955.0,id,9.705,0.0,-17.839,-0.1249,-0.004
800,10.314,14965.0,id,9.509,0.0,-19.084,-0.12231,-0.00391
801,10.324,14975.0,id,9.294,0.0,-20.379,-0.11184,-0.00357
802,10.334,14985.0,id,9.098,0.0,-19.326,-0.09409,-0.00299
803,10.344,14995.0,id,8.931,0.0,-17.769,-0.07091,-0.00225
804,10.354,15005.0,id,8.784,0.0,-15.435,-0.04252,-0.00134
805,10.364,15015.0,id,8.704,0.0,-10.224,-0.01132,-0.00034
806,10.374,15025.0,id,8.701,0.0,-3.674,0.02007,0.00067
807,10.384,15035.0,id,8.747,0.0,1.648,0.05069,0.00165
808,10.394,15045.0,id,8.827,0.0,5.723,0.07795,0.00252
809,10.404,15055.0,id,8.929,0.0,8.718,0.09977,0.00321
810,10.414,15065.0,id,9.061,0.0,11.648,0.11564,0.00371
811,10.424,15075.0,id,9.239,0.0,15.71,0.12391,0.00397
812,10.434,15085.0,id,9.44,0.0,18.09,0.12399,0.00396
813,10.444,15095.0,id,9.635,0.0,18.973,0.11611,0.00371
814,10.454,15105.0,id,9.84,0.0,19.489,0.10037,0.0032
815,10.464,15115.0,id,10.014,0.0,17.818,0.07791,0.00247
816,10.474,15125.0,id,10.158,0.0,15.721,0.05107,0.00161
817,10.484,15135.0,id,10.262,0.0,11.949,0.02,0.00061
818,10.494,15145.0,id,10.298,0.0,6.249,-0.01233,-0.00042
819,10.504,15155.0,id,10.268,0.0,0.302,-0.04373,-0.00142
820,10.514,15165.0,id,10.206,0.0,-3.97,-0.07176,-0.00232
821,10.524,15175.0,id,10.109,0.0,-7.605,-0.09572,-0.00308
822,10.534,15185.0,id,9.977,0.0,-11.218,-0.11325,-0.00364
823,10.544,15195.0,id,9.801,0.0,-15.396,-0.12307,-0.00394
824,10.554,15205.0,id,9.6,0.0,-18.365,-0.1246,-0.00399
825,10.564,15215.0,id,9.391,0.0,-19.856,-0.11775,-0.00376
826,10.574,15225.0,id,9.178,0.0,-20.489,-0.1028,-0.00327
827,10.584,15235.0,id,9.008,0.0,-18.387,-0.08144,-0.00259
828,10.594,15245.0,id,8.846,0.0,-16.661,-0.05404,-0.00171
829,10.604,15255.0,id,8.734,0.0,-12.694,-0.02286,-0.0007
830,10.614,15265.0,id,8.701,0.0,-6.532,0.00918,0.00032
831,10.624,15275.0,id,8.733,0.0,-0.201,0.04136,0.00135
832,10.634,15285.0,id,8.802,0.0,4.436,0.07059,0.00228
833,10.644,15295.0,id,8.899,0.0,7.732,0.09512,0.00306
834,10.654,15305.0,id,9.023,0.0,10.739,0.11296,0.00363
835,10.664,15315.0,id,9.182,0.0,14.34,0.1229,0.00394
836,10.674,15325.0,id,9.388,0.0,17.927,0.12457,0.00398
837,10.684,15335.0,id,9.581,0.0,18.861,0.11776,0.00376
838,10.694,15345.0,id,9.788,0.0,19.788,0.10259,0.00327
839,10.704,15355.0,id,9.963,0.0,18.026,0.0802,0.00255
840,10.714,15365.0,id,10.11,0.0,15.639,0.0521,0.00164
841,10.724,15375.0,id,10.219,0.0,12.524,0.02106,0.00065
842,10.734,15385.0,id,10.265,0.0,7.153,-0.01227,-0.00042
843,10.744,15395.0,id,10.244,0.0,1.099,-0.04459,-0.00145
844,10.754,15405.0,id,10.186,0.0,-3.354,-0.07328,-0.00237
845,10.764,15415.0,id,10.091,0.0,-7.267,-0.09744,-0.00314
846,10.774,15425.0,id,9.957,0.0,-11.213,-0.1147,-0.00368
847,10.784,15435.0,id,9.775,0.0,-15.721,-0.12378,-0.00396
848,10.794,15445.0,id,9.575,0.0,-18.328,-0.12405,-0.00397
849,10.804,15455.0,id,9.365,0.0,-19.876,-0.11547,-0.00368
850,10.814,15465.0,id,9.155,0.0,-20.209,-0.09852,-0.00314
851,10.824,15475.0,id,8.991,0.0,-17.883,-0.07512,-0.00238
852,10.834,15485.0,id,8.837,0.0,-15.947,-0.04572,-0.00144
853,10.844,15495.0,id,8.741,0.0,-11.517,-0.01312,-0.00039
854,10.854,15505.0,id,8.724,0.0,-4.98,0.02008,0.00067
855,10.864,15515.0,id,8.765,0.0,0.953,0.0524,0.0017
856,10.874,15525.0,id,8.843,0.0,5.42,0.08084,0.00261
857,10.884,15535.0,id,8.945,0.0,8.52,0.10294,0.00331
858,10.894,15545.0,id,9.081,0.0,11.835,0.11817,0.00379
859,10.904,15555.0,id,9.27,0.0,16.435,0.12478,0.00399
860,10.914,15565.0,id,9.471,0.0,18.505,0.12216,0.0039
861,10.924,15575.0,id,9.664,0.0,19.197,0.11095,0.00354
862,10.934,15585.0,id,9.86,0.0,18.999,0.09136,0.0029
863,10.944,15595.0,id,10.02,0.0,16.773,0.06493,0.00205
864,10.954,15605.0,id,10.147,0.0,13.965,0.03363,0.00105
865,10.964,15615.0,id,10.224,0.0,9.783,0.00045,-1e-05
866,10.974,15625.0,id,10.232,0.0,3.727,-0.03364,-0.0011
867,10.984,15635.0,id,10.187,0.0,-1.602,-0.06431,-0.00208
868,10.994,15645.0,id,10.107,0.0,-5.718,-0.09111,-0.00293
869,11.004,15655.0,id,9.989,0.0,-9.776,-0.11073,-0.00356
870,11.014,15665.0,id,9.824,0.0,-14.121,-0.12232,-0.00392
871,11.024,15675.0,id,9.623,0.0,-17.915,-0.12476,-0.00399
872,11.034,15685.0,id,9.417,0.0,-19.42,-0.1179,-0.00376
873,11.044,15695.0,id,9.202,0.0,-20.445,-0.10207,-0.00325
874,11.054,15705.0,id,9.034,0.0,-18.138,-0.07913,-0.00251
875,11.064,15715.0,id,8.877,0.0,-16.294,-0.04969,-0.00156
876,11.074,15725.0,id,8.768,0.0,-12.406,-0.01635,-0.0005
877,11.084,15735.0,id,8.738,0.0,-6.034,0.01828,0.00061
878,11.094,15745.0,id,8.771,0.0,0.013,0.05059,0.00164
879,11.104,15755.0,id,8.845,0.0,4.74,0.07995,0.00258
880,11.114,15765.0,id,8.946,0.0,8.143,0.10319,0.00332
881,11.124,15775.0,id,9.083,0.0,11.637,0.1186,0.0038
882,11.134,15785.0,id,9.273,0.0,16.441,0.12489,0.004
883,11.144,15795.0,id,9.469,0.0,18.52,0.1217,0.00389
884,11.154,15805.0,id,9.669,0.0,19.352,0.10911,0.00348
885,11.164,15815.0,id,9.862,0.0,18.928,0.08798,0.0028
886,11.174,15825.0,id,10.014,0.0,16.255,0.06003,0.0019
887,11.184,15835.0,id,10.13,0.0,13.263,0.02815,0.00087
888,11.194,15845.0,id,10.201,0.0,8.907,-0.0068,-0.00025
889,11.204,15855.0,id,10.199,0.0,2.84,-0.04113,-0.00134
890,11.214,15865.0,id,10.15,0.0,-2.149,-0.07176,-0.00232
891,11.224,15875.0,id,10.064,0.0,-6.324,-0.09745,-0.00314
892,11.234,15885.0,id,9.933,0.0,-10.777,-0.11537,-0.0037
893,11.244,15895.0,id,9.753,0.0,-15.531,-0.12411,-0.00397
894,11.254,15905.0,id,9.549,0.0,-18.296,-0.12333,-0.00394
895,11.264,15915.0,id,9.337,0.0,-19.997,-0.11275,-0.0036
896,11.274,15925.0,id,9.139,0.0,-19.775,-0.09375,-0.00298
897,11.284,15935.0,id,8.975,0.0,-17.496,-0.06689,-0.00212
898,11.294,15945.0,id,8.836,0.0,-14.935,-0.03465,-0.00108
899,11.304,15955.0,id,8.757,0.0,-9.949,0.0004,4e-05
900,11.314,15965.0,id,8.759,0.0,-3.243,0.0352,0.00115
901,11.324,15975.0,id,8.814,0.0,2.421,0.06738,0.00218
902,11.334,15985.0,id,8.9,0.0,6.443,0.09369,0.00302
903,11.344,15995.0,id,9.018,0.0,9.886,0.11314,0.00363
904,11.354,16005.0,id,9.181,0.0,14.032,0.12354,0.00396
905,11.364,16015.0,id,9.38,0.0,17.655,0.124,0.00396
906,11.374,16025.0,id,9.581,0.0,18.917,0.11445,0.00365
907,11.384,16035.0,id,9.784,0.0,19.552,0.09553,0.00304
908,11.394,16045.0,id,9.946,0.0,17.119,0.06883,0.00218
909,11.404,16055.0,id,10.071,0.0,14.062,0.03739,0.00117
910,11.414,16065.0,id,10.158,0.0,10.414,0.00213,4e-05
911,11.424,16075.0,id,10.181,0.0,4.928,-0.03369,-0.00111
912,11.434,16085.0,id,10.146,0.0,-0.483,-0.06583,-0.00213
913,11.444,16095.0,id,10.071,0.0,-5.071,-0.0932,-0.003
914,11.454,16105.0,id,9.948,0.0,-9.775,-0.11308,-0.00363
915,11.464,16115.0,id,9.771,0.0,-14.792,-0.12357,-0.00396
916,11.474,16125.0,id,9.574,0.0,-17.851,-0.12392,-0.00396
917,11.484,16135.0,id,9.365,0.0,-19.508,-0.11404,-0.00364
918,11.494,16145.0,id,9.162,0.0,-19.783,-0.09523,-0.00303
919,11.504,16155.0,id,8.998,0.0,-17.368,-0.06812,-0.00215
920,11.514,16165.0,id,8.856,0.0,-15.092,-0.03528,-0.0011
921,11.524,16175.0,id,8.773,0.0,-10.321,0.00057,5e-05
922,11.534,16185.0,id,8.771,0.0,-3.54,0.03623,0.00119
923,11.544,16195.0,id,8.823,0.0,2.116,0.06888,0.00223
924,11.554,16205.0,id,8.911,0.0,6.419,0.09536,0.00307
925,11.564,16215.0,id,9.031,0.0,10.014,0.11457,0.00368
926,11.574,16225.0,id,9.199,0.0,14.551,0.12411,0.00398
927,11.584,16235.0,id,9.405,0.0,18.108,0.12311,0.00393
928,11.594,16245.0,id,9.597,0.0,18.902,0.11201,0.00357
929,11.604,16255.0,id,9.796,0.0,19.294,0.09116,0.0029
930,11.614,16265.0,id,9.954,0.0,16.773,0.0625,0.00197
931,11.624,16275.0,id,10.068,0.0,13.283,0.02941,0.00091
932,11.634,16285.0,id,10.14,0.0,9.099,-0.00714,-0.00026
933,11.644,16295.0,id,10.15,0.0,3.698,-0.04299,-0.0014
934,11.654,16305.0,id,10.107,0.0,-1.491,-0.07514,-0.00243
935,11.664,16315.0,id,10.021,0.0,-6.229,-0.10045,-0.00323
936,11.674,16325.0,id,9.879,0.0,-11.451,-0.11778,-0.00378
937,11.684,16335.0,id,9.684,0.0,-16.553,-0.12487,-0.004
938,11.694,16345.0,id,9.489,0.0,-18.602,-0.12132,-0.00387
939,11.704,16355.0,id,9.274,0.0,-20.208,-0.10717,-0.00341
940,11.714,16365.0,id,9.087,0.0,-18.737,-0.08362,-0.00265
941,11.724,16375.0,id,8.935,0.0,-16.519,-0.05357,-0.00169
942,11.734,16385.0,id,8.814,0.0,-13.271,-0.01801,-0.00055
943,11.744,16395.0,id,8.768,0.0,-7.412,0.01879,0.00063
944,11.754,16405.0,id,8.799,0.0,-0.564,0.05406,0.00176
945,11.764,16415.0,id,8.869,0.0,4.439,0.08405,0.00271
946,11.774,16425.0,id,8.972,0.0,8.209,0.10751,0.00346
947,11.784,16435.0,id,9.115,0.0,12.065,0.12152,0.0039
948,11.794,16445.0,id,9.316,0.0,17.11,0.12475,0.00399
949,11.804,16455.0,id,9.511,0.0,18.649,0.11721,0.00374
950,11.814,16465.0,id,9.709,0.0,19.185,0.09912,0.00315
951,11.824,16475.0,id,9.885,0.0,17.7,0.07218,0.00228
952,11.834,16485.0,id,10.012,0.0,14.559,0.0398,0.00124
953,11.844,16495.0,id,10.095,0.0,10.214,0.00284,6e-05
954,11.854,16505.0,id,10.124,0.0,5.295,-0.03418,-0.00112
955,11.864,16515.0,id,10.094,0.0,-0.17,-0.06819,-0.00221
956,11.874,16525.0,id,10.018,0.0,-5.055,-0.09569,-0.00308
957,11.884,16535.0,id,9.885,0.0,-10.456,-0.11528,-0.0037
958,11.894,16545.0,id,9.698,0.0,-15.644,-0.12445,-0.00399
959,11.904,16555.0,id,9.505,0.0,-17.968,-0.12247,-0.00391
960,11.914,16565.0,id,9.29,0.0,-19.914,-0.10941,-0.00349
961,11.924,16575.0,id,9.097,0.0,-19.017,-0.08639,-0.00274
962,11.934,16585.0,id,8.942,0.0,-16.903,-0.0564,-0.00178
963,11.944,16595.0,id,8.816,0.0,-13.746,-0.02038,-0.00062
964,11.954,16605.0,id,8.765,0.0,-7.844,0.01727,0.00058
965,11.964,16615.0,id,8.793,0.0,-0.92,0.0534,0.00174
966,11.974,16625.0,id,8.863,0.0,4.264,0.08412,0.00271
967,11.984,16635.0,id,8.966,0.0,8.08,0.1079,0.00347
968,11.994,16645.0,id,9.112,0.0,12.203,0.12188,0.00391
969,12.004,16655.0,id,9.308,0.0,16.974,0.12463,0.00399
970,12.014,16665.0,id,9.509,0.0,18.646,0.11589,0.0037
971,12.024,16675.0,id,9.705,0.0,19.129,0.09639,0.00306
972,12.034,16685.0,id,9.874,0.0,17.557,0.06877,0.00217
973,12.044,16695.0,id,9.998,0.0,14.048,0.03412,0.00106
974,12.054,16705.0,id,10.069,0.0,9.247,-0.00393,-0.00016
975,12.064,16715.0,id,10.081,0.0,3.899,-0.04101,-0.00134
976,12.074,16725.0,id,10.038,0.0,-1.488,-0.07488,-0.00242
977,12.084,16735.0,id,9.946,0.0,-6.595,-0.1011,-0.00325
978,12.094,16745.0,id,9.796,0.0,-12.037,-0.11859,-0.0038
979,12.104,16755.0,id,9.603,0.0,-16.397,-0.12499,-0.004
980,12.114,16765.0,id,9.405,0.0,-18.71,-0.11983,-0.00383
981,12.124,16775.0,id,9.189,0.0,-20.293,-0.10335,-0.00329
982,12.134,16785.0,id,9.012,0.0,-18.393,-0.07711,-0.00244
983,12.144,16795.0,id,8.859,0.0,-16.121,-0.04344,-0.00136
984,12.154,16805.0,id,8.761,0.0,-11.819,-0.0066,-0.00018
985,12.164,16815.0,id,8.747,0.0,-4.805,0.03175,0.00105
986,12.174,16825.0,id,8.799,0.0,1.736,0.06704,0.00217
987,12.184,16835.0,id,8.891,0.0,6.561,0.09611,0.0031
988,12.194,16845.0,id,9.012,0.0,10.141,0.11589,0.00372
989,12.204,16855.0,id,9.175,0.0,14.235,0.12461,0.00399
990,12.214,16865.0,id,9.383,0.0,18.087,0.12162,0.00388
991,12.224,16875.0,id,9.574,0.0,18.657,0.10737,0.00342
992,12.234,16885.0,id,9.767,0.0,18.905,0.08268,0.00262
993,12.244,16895.0,id,9.913,0.0,15.74,0.04974,0.00156
994,12.254,16905.0,id,10.006,0.0,11.368,0.01196,0.00035
995,12.264,16915.0,id,10.04,0.0,6.083,-0.02628,-0.00087
996,12.274,16925.0,id,10.011,0.0,0.24,-0.06209,-0.00201
997,12.284,16935.0,id,9.933,0.0,-5.036,-0.0925,-0.00298
998,12.294,16945.0,id,9.796,0.0,-10.689,-0.11395,-0.00366
999,12.304,16955.0,id,9.612,0.0,-15.471,-0.12426,-0.00398
1000,12.314,16965.0,id,9.42,0.0,-18.105,-0.12253,-0.00391
1001,12.324,16975.0,id,9.202,0.0,-20.206,-0.10877,-0.00346
1002,12.334,16985.0,id,9.023,0.0,-18.758,-0.08497,-0.00269
1003,12.344,16995.0,id,8.854,0.0,-17.285,-0.05229,-0.00164
1004,12.354,17005.0,id,8.742,0.0,-12.933,-0.01443,-0.00043
1005,12.364,17015.0,id,8.718,0.0,-5.962,0.02424,0.00081
1006,12.374,17025.0,id,8.765,0.0,0.998,0.06132,0.00199
1007,12.384,17035.0,id,8.856,0.0,6.207,0.09204,0.00297
1008,12.394,17045.0,id,8.972,0.0,9.803,0.11335,0.00364
1009,12.404,17055.0,id,9.129,0.0,13.481,0.12414,0.00398
1010,12.414,17065.0,id,9.337,0.0,17.913,0.12246,0.00391
1011,12.424,17075.0,id,9.529,0.0,18.746,0.109,0.00347
1012,12.434,17085.0,id,9.719,0.0,18.72,0.0844,0.00268
1013,12.444,17095.0,id,9.873,0.0,16.073,0.05122,0.00161
1014,12.454,17105.0,id,9.965,0.0,11.608,0.01387,0.00041
1015,12.464,17115.0,id,9.998,0.0,6.072,-0.02555,-0.00085
1016,12.474,17125.0,id,9.971,0.0,0.249,-0.0625,-0.00203
1017,12.484,17135.0,id,9.89,0.0,-5.239,-0.09325,-0.00301
1018,12.494,17145.0,id,9.748,0.0,-11.02,-0.11471,-0.00368
1019,12.504,17155.0,id,9.571,0.0,-15.048,-0.12452,-0.00399
1020,12.514,17165.0,id,9.374,0.0,-18.11,-0.12184,-0.00389
1021,12.524,17175.0,id,9.159,0.0,-19.836,-0.10681,-0.0034
1022,12.534,17185.0,id,8.975,0.0,-18.661,-0.08076,-0.00256
1023,12.544,17195.0,id,8.814,0.0,-16.946,-0.04739,-0.00149
1024,12.554,17205.0,id,8.716,0.0,-11.837,-0.00822,-0.00023
1025,12.564,17215.0,id,8.71,0.0,-4.296,0.03153,0.00104
1026,12.574,17225.0,id,8.768,0.0,2.248,0.06822,0.00221
1027,12.584,17235.0,id,8.865,0.0,7.065,0.09721,0.00313
1028,12.594,17245.0,id,8.995,0.0,10.815,0.11711,0.00376
1029,12.604,17255.0,id,9.162,0.0,14.601,0.12493,0.004
1030,12.614,17265.0,id,9.368,0.0,18.33,0.12002,0.00383
1031,12.624,17275.0,id,9.561,0.0,18.602,0.10257,0.00326
1032,12.634,17285.0,id,9.747,0.0,18.327,0.07456,0.00236
1033,12.644,17295.0,id,9.879,0.0,14.853,0.03967,0.00124
1034,12.654,17305.0,id,9.954,0.0,9.807,-0.00043,-5e-05
1035,12.664,17315.0,id,9.962,0.0,3.781,-0.04007,-0.00131
1036,12.674,17325.0,id,9.91,0.0,-2.109,-0.07583,-0.00245
1037,12.684,17335.0,id,9.807,0.0,-7.543,-0.10305,-0.00332
1038,12.694,17345.0,id,9.643,0.0,-13.067,-0.12032,-0.00386
1039,12.704,17355.0,id,9.459,0.0,-16.475,-0.12482,-0.00399
1040,12.714,17365.0,id,9.248,0.0,-19.475,-0.11636,-0.00371
1041,12.724,17375.0,id,9.05,0.0,-19.31,-0.09555,-0.00304
1042,12.734,17385.0,id,8.871,0.0,-18.22,-0.06465,-0.00204
1043,12.744,17395.0,id,8.738,0.0,-14.926,-0.02783,-0.00086
1044,12.754,17405.0,id,8.69,0.0,-7.946,0.01311,0.00045
1045,12.764,17415.0,id,8.724,0.0,-0.581,0.05163,0.00168
1046,12.774,17425.0,id,8.807,0.0,5.11,0.08555,0.00276
1047,12.784,17435.0,id,8.929,0.0,9.624,0.11037,0.00355
1048,12.794,17445.0,id,9.078,0.0,12.932,0.12342,0.00395
1049,12.804,17455.0,id,9.273,0.0,17.429,0.12338,0.00394
1050,12.814,17465.0,id,9.475,0.0,18.87,0.11012,0.00351
1051,12.824,17475.0,id,9.659,0.0,18.345,0.08495,0.00269
1052,12.834,17485.0,id,9.819,0.0,16.672,0.05167,0.00162
1053,12.844,17495.0,id,9.911,0.0,11.635,0.01198,0.00035
1054,12.854,17505.0,id,9.937,0.0,5.516,-0.02938,-0.00097
1055,12.864,17515.0,id,9.9,0.0,-0.475,-0.06654,-0.00216
1056,12.874,17525.0,id,9.808,0.0,-6.261,-0.09726,-0.00313
1057,12.884,17535.0,id,9.655,0.0,-12.041,-0.11754,-0.00377
1058,12.894,17545.0,id,9.486,0.0,-15.371,-0.12497,-0.004
1059,12.904,17555.0,id,9.274,0.0,-18.99,-0.11905,-0.0038
1060,12.914,17565.0,id,9.072,0.0,-19.404,-0.10005,-0.00318
1061,12.924,17575.0,id,8.894,0.0,-18.463,-0.07097,-0.00224
1062,12.934,17585.0,id,8.745,0.0,-15.716,-0.03349,-0.00104
1063,12.944,17595.0,id,8.684,0.0,-9.115,0.00802,0.00029
1064,12.954,17605.0,id,8.71,0.0,-1.526,0.04764,0.00156
1065,12.964,17615.0,id,8.791,0.0,4.705,0.08281,0.00268
1066,12.974,17625.0,id,8.911,0.0,9.278,0.109,0.0035
1067,12.984,17635.0,id,9.06,0.0,12.841,0.12304,0.00394
1068,12.994,17645.0,id,9.248,0.0,16.984,0.1236,0.00395
1069,13.004,17655.0,id,9.451,0.0,18.859,0.11079,0.00353
1070,13.014,17665.0,id,9.635,0.0,18.372,0.08557,0.00271
1071,13.024,17675.0,id,9.799,0.0,16.665,0.05066,0.00159
1072,13.034,17685.0,id,9.888,0.0,11.581,0.01114,0.00032
1073,13.044,17695.0,id,9.913,0.0,5.426,-0.03077,-0.00102
1074,13.054,17705.0,id,9.873,0.0,-0.732,-0.06915,-0.00224
1075,13.064,17715.0,id,9.775,0.0,-6.696,-0.09959,-0.00321
1076,13.074,17725.0,id,9.626,0.0,-11.877,-0.11861,-0.00381
1077,13.084,17735.0,id,9.449,0.0,-15.587,-0.12498,-0.004
1078,13.094,17745.0,id,9.233,0.0,-19.304,-0.11719,-0.00374
1079,13.104,17755.0,id,9.037,0.0,-19.245,-0.09616,-0.00305
1080,13.114,17765.0,id,8.859,0.0,-18.421,-0.06519,-0.00206
1081,13.124,17775.0,id,8.724,0.0,-14.799,-0.02603,-0.0008
1082,13.134,17785.0,id,8.681,0.0,-7.598,0.01646,0.00056
1083,13.144,17795.0,id,8.721,0.0,-0.073,0.056,0.00182
1084,13.154,17805.0,id,8.811,0.0,5.811,0.09001,0.0029
1085,13.164,17815.0,id,8.939,0.0,10.151,0.11376,0.00365
1086,13.174,17825.0,id,9.092,0.0,13.609,0.12444,0.00399
1087,13.184,17835.0,id,9.296,0.0,17.885,0.1212,0.00387
1088,13.194,17845.0,id,9.494,0.0,18.764,0.10395,0.00331
1089,13.204,17855.0,id,9.667,0.0,17.888,0.07548,0.00239
1090,13.214,17865.0,id,9.814,0.0,15.276,0.03773,0.00117
1091,13.224,17875.0,id,9.882,0.0,9.49,-0.00444,-0.00018
1092,13.234,17885.0,id,9.882,0.0,3.271,-0.04539,-0.00149
1093,13.244,17895.0,id,9.821,0.0,-2.86,-0.08186,-0.00265
1094,13.254,17905.0,id,9.692,0.0,-9.3,-0.10879,-0.0035
1095,13.264,17915.0,id,9.541,0.0,-13.09,-0.12296,-0.00394
1096,13.274,17925.0,id,9.345,0.0,-17.216,-0.12334,-0.00394
1097,13.284,17935.0,id,9.132,0.0,-19.36,-0.1092,-0.00348
1098,13.294,17945.0,id,8.946,0.0,-18.939,-0.08304,-0.00263
1099,13.304,17955.0,id,8.776,0.0,-17.302,-0.04657,-0.00146
1100,13.314,17965.0,id,8.687,0.0,-11.664,-0.00556,-0.00014
1101,13.324,17975.0,id,8.688,0.0,-3.75,0.03735,0.00123
1102,13.334,17985.0,id,8.757,0.0,3.155,0.07549,0.00244
1103,13.344,17995.0,id,8.869,0.0,8.389,0.10414,0.00335
1104,13.354,18005.0,id,9.012,0.0,12.122,0.1214,0.00389
1105,13.364,18015.0,id,9.193,0.0,16.023,0.1243,0.00397
1106,13.374,18025.0,id,9.402,0.0,18.756,0.11243,0.00358
1107,13.384,18035.0,id,9.58,0.0,18.103,0.08799,0.00279
1108,13.394,18045.0,id,9.748,0.0,16.975,0.05251,0.00165
1109,13.404,18055.0,id,9.847,0.0,11.87,0.01062,0.0003
1110,13.414,18065.0,id,9.865,0.0,5.301,-0.03128,-0.00104
1111,13.424,18075.0,id,9.821,0.0,-1.136,-0.07059,-0.00229
1112,13.434,18085.0,id,9.707,0.0,-7.794,-0.10151,-0.00327
1113,13.444,18095.0,id,9.567,0.0,-11.63,-0.12032,-0.00386
1114,13.454,18105.0,id,9.388,0.0,-15.874,-0.12473,-0.00399
1115,13.464,18115.0,id,9.17,0.0,-19.323,-0.11432,-0.00364
1116,13.474,18125.0,id,8.977,0.0,-19.103,-0.08998,-0.00285
1117,13.484,18135.0,id,8.804,0.0,-17.933,-0.05581,-0.00175
1118,13.494,18145.0,id,8.69,0.0,-13.143,-0.01388,-0.00041
1119,13.504,18155.0,id,8.675,0.0,-5.404,0.0294,0.00098
1120,13.514,18165.0,id,8.731,0.0,1.744,0.06892,0.00224
1121,13.524,18175.0,id,8.839,0.0,7.551,0.10007,0.00323
1122,13.534,18185.0,id,8.977,0.0,11.501,0.11965,0.00384
1123,13.544,18195.0,id,9.149,0.0,15.218,0.1248,0.00399
1124,13.554,18205.0,id,9.357,0.0,18.541,0.11473,0.00365
1125,13.564,18215.0,id,9.546,0.0,18.378,0.09052,0.00287
1126,13.574,18225.0,id,9.709,0.0,17.277,0.05659,0.00177
1127,13.584,18235.0,id,9.821,0.0,12.916,0.0147,0.00043
1128,13.594,18245.0,id,9.842,0.0,5.696,-0.02944,-0.00098
1129,13.604,18255.0,id,9.791,0.0,-1.329,-0.06954,-0.00226
1130,13.614,18265.0,id,9.684,0.0,-7.371,-0.10064,-0.00325
1131,13.624,18275.0,id,9.552,0.0,-11.079,-0.12006,-0.00385
1132,13.634,18285.0,id,9.37,0.0,-15.69,-0.1247,-0.00399
1133,13.644,18295.0,id,9.155,0.0,-18.987,-0.11387,-0.00363
1134,13.654,18305.0,id,8.962,0.0,-18.977,-0.08882,-0.00281
1135,13.664,18315.0,id,8.787,0.0,-18.073,-0.05398,-0.00169
1136,13.674,18325.0,id,8.681,0.0,-12.919,-0.0117,-0.00033
1137,13.684,18335.0,id,8.67,0.0,-4.965,0.03287,0.00109
1138,13.694,18345.0,id,8.731,0.0,2.267,0.07257,0.00236
1139,13.704,18355.0,id,8.845,0.0,8.135,0.1032,0.00333
1140,13.714,18365.0,id,8.988,0.0,11.968,0.1213,0.00389
1141,13.724,18375.0,id,9.162,0.0,15.533,0.12425,0.00397
1142,13.734,18385.0,id,9.373,0.0,18.673,0.11168,0.00355
1143,13.744,18395.0,id,9.557,0.0,18.131,0.08494,0.00269
1144,13.754,18405.0,id,9.712,0.0,16.674,0.04895,0.00153
1145,13.764,18415.0,id,9.813,0.0,12.02,0.0057,0.00014
1146,13.774,18425.0,id,9.816,0.0,4.261,-0.03833,-0.00127
1147,13.784,18435.0,id,9.747,0.0,-2.965,-0.07765,-0.00252
1148,13.794,18445.0,id,9.638,0.0,-7.977,-0.10683,-0.00344
1149,13.804,18455.0,id,9.5,0.0,-11.818,-0.1228,-0.00394
1150,13.814,18465.0,id,9.304,0.0,-16.887,-0.12328,-0.00394
1151,13.824,18475.0,id,9.095,0.0,-18.99,-0.10809,-0.00344
1152,13.834,18485.0,id,8.902,0.0,-18.931,-0.07881,-0.00249
1153,13.844,18495.0,id,8.741,0.0,-16.652,-0.03961,-0.00123
1154,13.854,18505.0,id,8.667,0.0,-10.274,0.00455,0.00019
1155,13.864,18515.0,id,8.682,0.0,-2.581,0.04742,0.00156
1156,13.874,18525.0,id,8.765,0.0,4.467,0.08506,0.00275
1157,13.884,18535.0,id,8.892,0.0,9.765,0.1118,0.0036
1158,13.894,18545.0,id,9.047,0.0,13.406,0.12434,0.00398
1159,13.904,18555.0,id,9.244,0.0,17.369,0.12073,0.00385
1160,13.914,18565.0,id,9.442,0.0,18.898,0.10209,0.00324
1161,13.924,18575.0,id,9.613,0.0,17.375,0.06937,0.00218
1162,13.934,18585.0,id,9.755,0.0,15.385,0.02944,0.0009
1163,13.944,18595.0,id,9.811,0.0,8.557,-0.01654,-0.00057
1164,13.954,18605.0,id,9.776,0.0,0.697,-0.05843,-0.00191
1165,13.964,18615.0,id,9.686,0.0,-5.531,-0.09391,-0.00303
1166,13.974,18625.0,id,9.571,0.0,-9.363,-0.1171,-0.00376
1167,13.984,18635.0,id,9.397,0.0,-14.564,-0.125,-0.004
1168,13.994,18645.0,id,9.189,0.0,-18.705,-0.11688,-0.00372
1169,14.004,18655.0,id,8.991,0.0,-19.049,-0.09282,-0.00294
1170,14.014,18665.0,id,8.811,0.0,-18.412,-0.05779,-0.00181
1171,14.024,18675.0,id,8.695,0.0,-13.53,-0.01386,-0.0004
1172,14.034,18685.0,id,8.676,0.0,-5.724,0.03135,0.00105
1173,14.044,18695.0,id,8.734,0.0,1.751,0.07168,0.00233
1174,14.054,18705.0,id,8.846,0.0,7.856,0.10345,0.00334
1175,14.064,18715.0,id,8.991,0.0,11.946,0.12182,0.00391
1176,14.074,18725.0,id,9.169,0.0,15.74,0.12378,0.00395
1177,14.084,18735.0,id,9.374,0.0,18.726,0.10967,0.00349
1178,14.094,18745.0,id,9.554,0.0,18.089,0.08117,0.00256
1179,14.104,18755.0,id,9.707,0.0,16.065,0.04118,0.00127
1180,14.114,18765.0,id,9.796,0.0,11.146,-0.00293,-0.00014
1181,14.124,18775.0,id,9.785,0.0,2.952,-0.04838,-0.00159
1182,14.134,18785.0,id,9.707,0.0,-3.993,-0.08588,-0.00278
1183,14.144,18795.0,id,9.601,0.0,-8.148,-0.11297,-0.00363
1184,14.154,18805.0,id,9.448,0.0,-12.998,-0.1246,-0.00399
1185,14.164,18815.0,id,9.235,0.0,-18.007,-0.11952,-0.00381
1186,14.174,18825.0,id,9.04,0.0,-18.875,-0.09871,-0.00313
1187,14.184,18835.0,id,8.853,0.0,-18.581,-0.06431,-0.00202
1188,14.194,18845.0,id,8.721,0.0,-14.843,-0.02197,-0.00066
1189,14.204,18855.0,id,8.682,0.0,-7.423,0.0237,0.0008
1190,14.214,18865.0,id,8.731,0.0,0.633,0.06666,0.00217
1191,14.224,18875.0,id,8.834,0.0,6.849,0.10032,0.00324
1192,14.234,18885.0,id,8.977,0.0,11.474,0.1207,0.00387
1193,14.244,18895.0,id,9.143,0.0,14.998,0.1244,0.00398
1194,14.254,18905.0,id,9.354,0.0,18.543,0.11117,0.00354
1195,14.264,18915.0,id,9.537,0.0,18.217,0.08318,0.00263
1196,14.274,18925.0,id,9.69,0.0,16.124,0.04307,0.00134
1197,14.284,18935.0,id,9.787,0.0,11.699,-0.00156,-9e-05
1198,14.294,18945.0,id,9.781,0.0,3.522,-0.04648,-0.00153
1199,14.304,18955.0,id,9.704,0.0,-3.705,-0.08593,-0.00278
1200,14.314,18965.0,id,9.6,0.0,-7.966,-0.11328,-0.00364
1201,14.324,18975.0,id,9.448,0.0,-12.794,-0.1247,-0.00399
1202,14.334,18985.0,id,9.241,0.0,-17.827,-0.11937,-0.00381
1203,14.344,18995.0,id,9.04,0.0,-18.786,-0.09709,-0.00308
1204,14.354,19005.0,id,8.859,0.0,-18.44,-0.0625,-0.00196
1205,14.364,19015.0,id,8.725,0.0,-14.633,-0.01789,-0.00053
1206,14.374,19025.0,id,8.695,0.0,-6.939,0.02813,0.00094
1207,14.384,19035.0,id,8.748,0.0,1.059,0.07108,0.00231
1208,14.394,19045.0,id,8.856,0.0,7.287,0.10381,0.00335
1209,14.404,19055.0,id,8.994,0.0,11.507,0.12196,0.00391
1210,14.414,19065.0,id,9.169,0.0,15.304,0.1235,0.00394
1211,14.424,19075.0,id,9.376,0.0,18.542,0.10806,0.00344
1212,14.434,19085.0,id,9.554,0.0,17.866,0.07763,0.00245
1213,14.444,19095.0,id,9.702,0.0,15.705,0.03559,0.00109
1214,14.454,19105.0,id,9.785,0.0,10.361,-0.01135,-0.00041
1215,14.464,19115.0,id,9.764,0.0,2.139,-0.05606,-0.00183
1216,14.474,19125.0,id,9.682,0.0,-4.426,-0.09287,-0.003
1217,14.484,19135.0,id,9.572,0.0,-8.611,-0.11742,-0.00377
1218,14.494,19145.0,id,9.405,0.0,-13.965,-0.12497,-0.004
1219,14.504,19155.0,id,9.189,0.0,-18.51,-0.11482,-0.00366
1220,14.514,19165.0,id,9.001,0.0,-18.655,-0.08893,-0.00281
1221,14.524,19175.0,id,8.823,0.0,-17.685,-0.04966,-0.00155
1222,14.534,19185.0,id,8.718,0.0,-12.873,-0.0044,-9e-05
1223,14.544,19195.0,id,8.713,0.0,-4.534,0.04258,0.0014
1224,14.554,19205.0,id,8.782,0.0,2.886,0.08262,0.00268
1225,14.564,19215.0,id,8.9,0.0,8.546,0.11173,0.0036
1226,14.574,19225.0,id,9.049,0.0,12.664,0.12449,0.00399
1227,14.584,19235.0,id,9.239,0.0,16.88,0.11987,0.00382
1228,14.594,19245.0,id,9.443,0.0,18.618,0.09766,0.0031
1229,14.604,19255.0,id,9.607,0.0,16.934,0.06143,0.00192
1230,14.614,19265.0,id,9.738,0.0,14.362,0.0172,0.0005
1231,14.624,19275.0,id,9.781,0.0,7.465,-0.02989,-0.001
1232,14.634,19285.0,id,9.729,0.0,-0.829,-0.07341,-0.00239
1233,14.644,19295.0,id,9.636,0.0,-6.149,-0.10595,-0.00342
1234,14.654,19305.0,id,9.506,0.0,-10.868,-0.12289,-0.00394
1235,14.664,19315.0,id,9.313,0.0,-16.361,-0.12256,-0.00391
1236,14.674,19325.0,id,9.106,0.0,-18.584,-0.10408,-0.0033
1237,14.684,19335.0,id,8.919,0.0,-18.509,-0.0706,-0.00222
1238,14.694,19345.0,id,8.771,0.0,-15.972,-0.02765,-0.00084
1239,14.704,19355.0,id,8.711,0.0,-9.191,0.01992,0.00068
1240,14.714,19365.0,id,8.748,0.0,-0.741,0.06528,0.00213
1241,14.724,19375.0,id,8.845,0.0,5.955,0.1004,0.00324
1242,14.734,19385.0,id,8.983,0.0,10.933,0.12114,0.00389
1243,14.744,19395.0,id,9.147,0.0,14.678,0.12399,0.00396
1244,14.754,19405.0,id,9.36,0.0,18.485,0.10852,0.00345
1245,14.764,19415.0,id,9.538,0.0,17.824,0.07734,0.00244
1246,14.774,19425.0,id,9.681,0.0,15.635,0.03548,0.00109
1247,14.784,19435.0,id,9.77,0.0,10.86,-0.01234,-0.00044
1248,14.794,19445.0,id,9.752,0.0,2.424,-0.05876,-0.00192
1249,14.804,19455.0,id,9.672,0.0,-4.218,-0.09564,-0.00309
1250,14.814,19465.0,id,9.56,0.0,-8.728,-0.11916,-0.00383
1251,14.824,19475.0,id,9.383,0.0,-14.371,-0.12455,-0.00398
1252,14.834,19485.0,id,9.172,0.0,-18.616,-0.11157,-0.00355
1253,14.844,19495.0,id,8.989,0.0,-18.32,-0.08228,-0.0026
1254,14.854,19505.0,id,8.819,0.0,-16.957,-0.03984,-0.00123
1255,14.864,19515.0,id,8.728,0.0,-11.676,0.00712,0.00027
1256,14.874,19525.0,id,8.741,0.0,-3.071,0.0544,0.00178
1257,14.884,19535.0,id,8.82,0.0,4.093,0.0927,0.003
1258,14.894,19545.0,id,8.948,0.0,9.567,0.1178,0.00379
1259,14.904,19555.0,id,9.11,0.0,13.822,0.12483,0.00399
1260,14.914,19565.0,id,9.313,0.0,18.004,0.11325,0.0036
1261,14.924,19575.0,id,9.498,0.0,18.22,0.08491,0.00268
1262,14.934,19585.0,id,9.647,0.0,15.689,0.04282,0.00132
1263,14.944,19595.0,id,9.753,0.0,12.177,-0.00421,-0.00018
1264,14.954,19605.0,id,9.755,0.0,3.996,-0.05205,-0.00171
1265,14.964,19615.0,id,9.684,0.0,-3.116,-0.09103,-0.00295
1266,14.974,19625.0,id,9.58,0.0,-7.809,-0.11708,-0.00376
1267,14.984,19635.0,id,9.411,0.0,-13.618,-0.1249,-0.00399
1268,14.994,19645.0,id,9.201,0.0,-18.406,-0.11381,-0.00362
1269,15.004,19655.0,id,9.014,0.0,-18.483,-0.08548,-0.0027
1270,15.014,19665.0,id,8.842,0.0,-17.276,-0.04344,-0.00134
1271,15.024,19675.0,id,8.744,0.0,-12.254,0.004,0.00018
1272,15.034,19685.0,id,8.744,0.0,-4.13,0.05138,0.00169
1273,15.044,19695.0,id,8.82,0.0,3.489,0.09166,0.00297
1274,15.054,19705.0,id,8.946,0.0,9.228,0.11749,0.00378
1275,15.064,19715.0,id,9.101,0.0,13.376,0.12491,0.00399
1276,15.074,19725.0,id,9.31,0.0,17.955,0.11315,0.0036
1277,15.084,19735.0,id,9.495,0.0,18.22,0.08428,0.00266
1278,15.094,19745.0,id,9.641,0.0,15.949,0.04298,0.00133
1279,15.104,19755.0,id,9.747,0.0,12.037,-0.00635,-0.00025
1280,15.114,19765.0,id,9.748,0.0,3.958,-0.05442,-0.00178
1281,15.124,19775.0,id,9.678,0.0,-3.134,-0.09333,-0.00302
1282,15.134,19785.0,id,9.575,0.0,-7.855,-0.11793,-0.00379
1283,15.144,19795.0,id,9.403,0.0,-13.886,-0.12475,-0.00399
1284,15.154,19805.0,id,9.192,0.0,-18.177,-0.11163,-0.00355
1285,15.164,19815.0,id,9.006,0.0,-18.227,-0.08135,-0.00257
1286,15.174,19825.0,id,8.843,0.0,-16.824,-0.03891,-0.0012
1287,15.184,19835.0,id,8.75,0.0,-11.499,0.01052,0.00038
1288,15.194,19845.0,id,8.759,0.0,-3.286,0.0577,0.00189
1289,15.204,19855.0,id,8.84,0.0,4.096,0.09606,0.0031
1290,15.214,19865.0,id,8.968,0.0,9.565,0.11976,0.00385
1291,15.224,19875.0,id,9.133,0.0,13.965,0.12421,0.00397
1292,15.234,19885.0,id,9.337,0.0,17.991,0.10933,0.00347
1293,15.244,19895.0,id,9.52,0.0,17.915,0.07717,0.00243
1294,15.254,19905.0,id,9.661,0.0,15.221,0.03206,0.00098
1295,15.264,19915.0,id,9.75,0.0,10.718,-0.01785,-0.00062
1296,15.274,19925.0,id,9.735,0.0,2.658,-0.06386,-0.00208
1297,15.284,19935.0,id,9.658,0.0,-3.914,-0.10072,-0.00325
1298,15.294,19945.0,id,9.537,0.0,-9.234,-0.12186,-0.00391
1299,15.304,19955.0,id,9.353,0.0,-15.096,-0.12302,-0.00393
1300,15.314,19965.0,id,9.144,0.0,-18.575,-0.10484,-0.00333
1301,15.324,19975.0,id,8.965,0.0,-17.998,-0.06977,-0.00219
1302,15.334,19985.0,id,8.817,0.0,-15.699,-0.02424,-0.00073
1303,15.344,19995.0,id,8.751,0.0,-9.423,0.02581,0.00087
1304,15.354,20005.0,id,8.787,0.0,-0.909,0.07235,0.00235
1305,15.364,20015.0,id,8.886,0.0,6.124,0.10658,0.00344
1306,15.374,20025.0,id,9.021,0.0,11.004,0.12354,0.00396
1307,15.384,20035.0,id,9.202,0.0,15.704,0.12111,0.00386
1308,15.394,20045.0,id,9.408,0.0,18.222,0.09859,0.00312
1309,15.404,20055.0,id,9.569,0.0,16.801,0.06134,0.00192
1310,15.414,20065.0,id,9.698,0.0,13.954,0.01269,0.00036
1311,15.424,20075.0,id,9.75,0.0,7.959,-0.03698,-0.00123
1312,15.434,20085.0,id,9.704,0.0,-0.273,-0.08161,-0.00265
1313,15.444,20095.0,id,9.617,0.0,-5.712,-0.11192,-0.0036
1314,15.454,20105.0,id,9.468,0.0,-11.699,-0.12485,-0.004
1315,15.464,20115.0,id,9.264,0.0,-17.363,-0.11725,-0.00373
1316,15.474,20125.0,id,9.072,0.0,-18.325,-0.09087,-0.00287
1317,15.484,20135.0,id,8.899,0.0,-17.351,-0.04878,-0.00151
1318,15.494,20145.0,id,8.784,0.0,-13.373,0.00015,5e-05
1319,15.504,20155.0,id,8.768,0.0,-5.362,0.0504,0.00166
1320,15.514,20165.0,id,8.836,0.0,2.456,0.09124,0.00295
1321,15.524,20175.0,id,8.955,0.0,8.495,0.11787,0.00379
1322,15.534,20185.0,id,9.11,0.0,13.109,0.12476,0.00399
1323,15.544,20195.0,id,9.32,0.0,17.941,0.11099,0.00353
1324,15.554,20205.0,id,9.501,0.0,17.89,0.07919,0.00249
1325,15.564,20215.0,id,9.641,0.0,15.394,0.03489,0.00107
1326,15.574,20225.0,id,9.736,0.0,11.218,-0.01633,-0.00057
1327,15.584,20235.0,id,9.729,0.0,3.119,-0.06479,-0.00212
1328,15.594,20245.0,id,9.655,0.0,-3.606,-0.10199,-0.00329
1329,15.604,20255.0,id,9.54,0.0,-8.82,-0.12221,-0.00392
1330,15.614,20265.0,id,9.351,0.0,-15.308,-0.12252,-0.00391
1331,15.624,20275.0,id,9.143,0.0,-18.353,-0.10189,-0.00323
1332,15.634,20285.0,id,8.965,0.0,-17.796,-0.06431,-0.00201
1333,15.644,20295.0,id,8.825,0.0,-15.18,-0.01677,-0.00049
1334,15.654,20305.0,id,8.771,0.0,-8.54,0.03389,0.00113
1335,15.664,20315.0,id,8.816,0.0,-0.004,0.07983,0.00259
1336,15.674,20325.0,id,8.919,0.0,6.602,0.11195,0.0036
1337,15.684,20335.0,id,9.061,0.0,11.63,0.12481,0.004
1338,15.694,20345.0,id,9.255,0.0,16.767,0.11722,0.00373
1339,15.704,20355.0,id,9.451,0.0,18.095,0.08925,0.00282
1340,15.714,20365.0,id,9.6,0.0,15.919,0.04735,0.00147
1341,15.724,20375.0,id,9.713,0.0,12.6,-0.004,-0.00018
1342,15.734,20385.0,id,9.736,0.0,5.683,-0.05322,-0.00175
1343,15.744,20395.0,id,9.675,0.0,-1.953,-0.09503,-0.00307
1344,15.754,20405.0,id,9.572,0.0,-7.393,-0.11946,-0.00384
1345,15.764,20415.0,id,9.397,0.0,-13.977,-0.12411,-0.00397
1346,15.774,20425.0,id,9.19,0.0,-18.231,-0.10778,-0.00342
1347,15.784,20435.0,id,9.009,0.0,-17.937,-0.07306,-0.0023
1348,15.794,20445.0,id,8.856,0.0,-15.812,-0.02497,-0.00075
1349,15.804,20455.0,id,8.782,0.0,-9.992,0.02665,0.0009
1350,15.814,20465.0,id,8.813,0.0,-1.342,0.0743,0.00242
1351,15.824,20475.0,id,8.902,0.0,5.278,0.10785,0.00348
1352,15.834,20485.0,id,9.043,0.0,10.874,0.12429,0.00398
1353,15.844,20495.0,id,9.23,0.0,16.085,0.11904,0.00379
1354,15.854,20505.0,id,9.431,0.0,18.118,0.09264,0.00293
1355,15.864,20515.0,id,9.586,0.0,16.415,0.05146,0.0016
1356,15.874,20525.0,id,9.701,0.0,12.988,-0.00013,-5e-05
1357,15.884,20535.0,id,9.735,0.0,6.514,-0.05024,-0.00165
1358,15.894,20545.0,id,9.681,0.0,-1.161,-0.09224,-0.00299
1359,15.904,20555.0,id,9.58,0.0,-6.896,-0.11886,-0.00382
1360,15.914,20565.0,id,9.416,0.0,-13.203,-0.12441,-0.00398
1361,15.924,20575.0,id,9.201,0.0,-18.098,-0.10814,-0.00343
1362,15.934,20585.0,id,9.021,0.0,-17.756,-0.07325,-0.0023
1363,15.944,20595.0,id,8.871,0.0,-15.854,-0.02619,-0.00079
1364,15.954,20605.0,id,8.793,0.0,-10.275,0.02617,0.00089
1365,15.964,20615.0,id,8.82,0.0,-1.616,0.07466,0.00243
1366,15.974,20625.0,id,8.912,0.0,5.322,0.10926,0.00352
1367,15.984,20635.0,id,9.049,0.0,10.728,0.12447,0.00399
1368,15.994,20645.0,id,9.238,0.0,16.134,0.11841,0.00377
1369,16.004,20655.0,id,9.439,0.0,18.036,0.09064,0.00287
1370,16.014,20665.0,id,9.589,0.0,15.947,0.0481,0.00149
1371,16.024,20675.0,id,9.702,0.0,12.681,-0.00421,-0.00019
1372,16.034,20685.0,id,9.73,0.0,6.023,-0.05445,-0.00179
1373,16.044,20695.0,id,9.673,0.0,-1.528,-0.09554,-0.00309
1374,16.054,20705.0,id,9.566,0.0,-7.494,-0.12046,-0.00387
1375,16.064,20715.0,id,9.389,0.0,-14.088,-0.12347,-0.00394
1376,16.074,20725.0,id,9.182,0.0,-18.239,-0.10474,-0.00332
1377,16.084,20735.0,id,9.006,0.0,-17.605,-0.06729,-0.00211
1378,16.094,20745.0,id,8.86,0.0,-15.204,-0.01704,-0.00049
1379,16.104,20755.0,id,8.8,0.0,-8.869,0.03539,0.00118
1380,16.114,20765.0,id,8.837,0.0,-0.673,0.08128,0.00264
1381,16.124,20775.0,id,8.937,0.0,6.133,0.11342,0.00365
1382,16.134,20785.0,id,9.081,0.0,11.567,0.12499,0.004
1383,16.144,20795.0,id,9.284,0.0,16.968,0.11404,0.00363
1384,16.154,20805.0,id,9.471,0.0,17.838,0.08283,0.00261
1385,16.164,20815.0,id,9.612,0.0,15.337,0.03729,0.00114
1386,16.174,20825.0,id,9.712,0.0,11.54,-0.01606,-0.00057
1387,16.184,20835.0,id,9.719,0.0,4.323,-0.06567,-0.00215
1388,16.194,20845.0,id,9.652,0.0,-2.773,-0.10396,-0.00336
1389,16.204,20855.0,id,9.529,0.0,-8.89,-0.12353,-0.00396
1390,16.214,20865.0,id,9.34,0.0,-15.223,-0.12029,-0.00383
1391,16.224,20875.0,id,9.135,0.0,-18.332,-0.09557,-0.00302
1392,16.234,20885.0,id,8.966,0.0,-17.1,-0.05285,-0.00164
1393,16.244,20895.0,id,8.843,0.0,-13.797,-0.00163,0.0
1394,16.254,20905.0,id,8.811,0.0,-6.663,0.0502,0.00165
1395,16.264,20915.0,id,8.873,0.0,1.72,0.09406,0.00304
1396,16.274,20925.0,id,8.983,0.0,7.812,0.11964,0.00384
1397,16.284,20935.0,id,9.144,0.0,13.109,0.1238,0.00395
1398,16.294,20945.0,id,9.35,0.0,17.737,0.10561,0.00335
1399,16.304,20955.0,id,9.523,0.0,17.158,0.06791,0.00213
1400,16.314,20965.0,id,9.652,0.0,14.028,0.01698,0.00049
1401,16.324,20975.0,id,9.722,0.0,9.208,-0.03625,-0.00121
1402,16.334,20985.0,id,9.696,0.0,1.419,-0.08272,-0.00269
1403,16.344,20995.0,id,9.61,0.0,-4.995,-0.11461,-0.00369
1404,16.354,21005.0,id,9.457,0.0,-11.712,-0.12495,-0.004
1405,16.364,21015.0,id,9.255,0.0,-17.211,-0.11221,-0.00357
1406,16.374,21025.0,id,9.067,0.0,-17.846,-0.07892,-0.00248
1407,16.384,21035.0,id,8.911,0.0,-16.052,-0.03004,-0.00091
1408,16.394,21045.0,id,8.823,0.0,-10.981,0.02382,0.00081
1409,16.404,21055.0,id,8.839,0.0,-2.665,0.07299,0.00238
1410,16.414,21065.0,id,8.923,0.0,4.506,0.10906,0.00352
1411,16.424,21075.0,id,9.058,0.0,10.379,0.12459,0.00399
1412,16.434,21085.0,id,9.245,0.0,15.922,0.11743,0.00374
1413,16.444,21095.0,id,9.443,0.0,17.827,0.08766,0.00277
1414,16.454,21105.0,id,9.59,0.0,15.658,0.0425,0.00131
1415,16.464,21115.0,id,9.695,0.0,12.039,-0.01148,-0.00042
1416,16.474,21125.0,id,9.715,0.0,5.241,-0.06276,-0.00205
1417,16.484,21135.0,id,9.655,0.0,-2.011,-0.10252,-0.00331
1418,16.494,21145.0,id,9.538,0.0,-8.233,-0.1233,-0.00395
1419,16.504,21155.0,id,9.35,0.0,-15.078,-0.12041,-0.00384
1420,16.514,21165.0,id,9.147,0.0,-18.18,-0.09524,-0.00301
1421,16.524,21175.0,id,8.98,0.0,-16.9,-0.05142,-0.0016
1422,16.534,21185.0,id,8.859,0.0,-13.641,0.00111,9e-05
1423,16.544,21195.0,id,8.828,0.0,-6.351,0.05487,0.0018
1424,16.554,21205.0,id,8.888,0.0,1.628,0.09697,0.00314
1425,16.564,21215.0,id,9.006,0.0,8.182,0.12151,0.0039
1426,16.574,21225.0,id,9.175,0.0,13.851,0.12243,0.00391
1427,16.584,21235.0,id,9.379,0.0,17.906,0.10041,0.00318
1428,16.594,21245.0,id,9.546,0.0,16.781,0.05861,0.00183
1429,16.604,21255.0,id,9.661,0.0,13.404,0.00685,0.00016
1430,16.614,21265.0,id,9.716,0.0,7.824,-0.04807,-0.00159
1431,16.624,21275.0,id,9.676,0.0,0.1,-0.09247,-0.003
1432,16.634,21285.0,id,9.583,0.0,-6.061,-0.11927,-0.00383
1433,16.644,21295.0,id,9.414,0.0,-13.052,-0.12376,-0.00395
1434,16.654,21305.0,id,9.205,0.0,-18.038,-0.10468,-0.00332
1435,16.664,21315.0,id,9.031,0.0,-17.397,-0.06533,-0.00204
1436,16.674,21325.0,id,8.891,0.0,-14.735,-0.01246,-0.00034
1437,16.684,21335.0,id,8.831,0.0,-8.819,0.04152,0.00138
1438,16.694,21345.0,id,8.873,0.0,-0.332,0.08847,0.00287
1439,16.704,21355.0,id,8.974,0.0,6.51,0.11752,0.00378
1440,16.714,21365.0,id,9.127,0.0,12.191,0.12439,0.00397
1441,16.724,21375.0,id,9.331,0.0,17.424,0.10738,0.00341
1442,16.734,21385.0,id,9.508,0.0,17.274,0.06943,0.00218
1443,16.744,21395.0,id,9.635,0.0,13.984,0.0173,0.0005
1444,16.754,21405.0,id,9.707,0.0,9.321,-0.03749,-0.00125
1445,16.764,21415.0,id,9.686,0.0,1.666,-0.08587,-0.00279
1446,16.774,21425.0,id,9.601,0.0,-4.898,-0.11626,-0.00374
1447,16.784,21435.0,id,9.445,0.0,-11.889,-0.12465,-0.00398
1448,16.794,21445.0,id,9.241,0.0,-17.349,-0.10874,-0.00345
1449,16.804,21455.0,id,9.057,0.0,-17.711,-0.07154,-0.00224
1450,16.814,21465.0,id,8.912,0.0,-15.265,-0.01954,-0.00057
1451,16.824,21475.0,id,8.84,0.0,-9.798,0.03533,0.00118
1452,16.834,21485.0,id,8.868,0.0,-1.507,0.0841,0.00273
1453,16.844,21495.0,id,8.96,0.0,5.406,0.11544,0.00372
1454,16.854,21505.0,id,9.11,0.0,11.524,0.12479,0.00399
1455,16.864,21515.0,id,9.317,0.0,17.145,0.10883,0.00346
1456,16.874,21525.0,id,9.491,0.0,17.341,0.07281,0.00228
1457,16.884,21535.0,id,9.623,0.0,14.268,0.02069,0.00061
1458,16.894,21545.0,id,9.698,0.0,9.673,-0.03472,-0.00116
1459,16.904,21555.0,id,9.684,0.0,2.261,-0.08405,-0.00273
1460,16.914,21565.0,id,9.603,0.0,-4.506,-0.11553,-0.00372
1461,16.924,21575.0,id,9.449,0.0,-11.609,-0.12475,-0.00399
1462,16.934,21585.0,id,9.244,0.0,-17.371,-0.1091,-0.00346
1463,16.944,21595.0,id,9.061,0.0,-17.622,-0.07176,-0.00225
1464,16.954,21605.0,id,8.917,0.0,-15.184,-0.0192,-0.00056
1465,16.964,21615.0,id,8.845,0.0,-9.711,0.03638,0.00122
1466,16.974,21625.0,id,8.873,0.0,-1.458,0.08511,0.00276
1467,16.984,21635.0,id,8.966,0.0,5.584,0.11614,0.00374
1468,16.994,21645.0,id,9.116,0.0,11.649,0.12463,0.00398
1469,17.004,21655.0,id,9.319,0.0,17.072,0.10809,0.00343
1470,17.014,21665.0,id,9.498,0.0,17.325,0.06977,0.00219
1471,17.024,21675.0,id,9.626,0.0,13.975,0.01644,0.00047
1472,17.034,21685.0,id,9.695,0.0,9.181,-0.0393,-0.00131
1473,17.044,21695.0,id,9.675,0.0,1.704,-0.08785,-0.00285
1474,17.054,21705.0,id,9.59,0.0,-4.913,-0.11764,-0.00378
1475,17.064,21715.0,id,9.431,0.0,-12.061,-0.1242,-0.00397
1476,17.074,21725.0,id,9.222,0.0,-17.678,-0.10573,-0.00335
1477,17.084,21735.0,id,9.046,0.0,-17.327,-0.06561,-0.00205
1478,17.094,21745.0,id,8.908,0.0,-14.649,-0.01137,-0.00031
1479,17.104,21755.0,id,8.848,0.0,-8.818,0.04377,0.00145
1480,17.114,21765.0,id,8.886,0.0,-0.486,0.09122,0.00296
1481,17.124,21775.0,id,8.988,0.0,6.417,0.11933,0.00383
1482,17.134,21785.0,id,9.149,0.0,12.662,0.12349,0.00394
1483,17.144,21795.0,id,9.351,0.0,17.426,0.1027,0.00325
1484,17.154,21805.0,id,9.521,0.0,16.766,0.06043,0.00188
1485,17.164,21815.0,id,9.638,0.0,13.121,0.00524,0.00011
1486,17.174,21825.0,id,9.692,0.0,7.948,-0.04955,-0.00164
1487,17.184,21835.0,id,9.658,0.0,0.425,-0.09571,-0.0031
1488,17.194,21845.0,id,9.561,0.0,-6.241,-0.12116,-0.00389
1489,17.204,21855.0,id,9.386,0.0,-13.517,-0.12224,-0.0039
1490,17.214,21865.0,id,9.173,0.0,-18.039,-0.09728,-0.00308
1491,17.224,21875.0,id,9.008,0.0,-16.807,-0.05216,-0.00162
1492,17.234,21885.0,id,8.888,0.0,-13.533,0.00278,0.00014
1493,17.244,21895.0,id,8.853,0.0,-6.661,0.05848,0.00192
1494,17.254,21905.0,id,8.909,0.0,1.357,0.10117,0.00327
1495,17.264,21915.0,id,9.027,0.0,8.223,0.12308,0.00395
1496,17.274,21925.0,id,9.207,0.0,14.379,0.11951,0.00381
1497,17.284,21935.0,id,9.406,0.0,17.721,0.09119,0.00288
1498,17.294,21945.0,id,9.561,0.0,15.862,0.04296,0.00132
1499,17.304,21955.0,id,9.655,0.0,11.719,-0.01254,-0.00046
1500,17.314,21965.0,id,9.682,0.0,5.585,-0.06724,-0.0022
1501,17.324,21975.0,id,9.627,0.0,-1.64,-0.10716,-0.00346
1502,17.334,21985.0,id,9.503,0.0,-8.813,-0.12453,-0.00399
1503,17.344,21995.0,id,9.304,0.0,-15.767,-0.11577,-0.00368
1504,17.354,22005.0,id,9.109,0.0,-17.799,-0.08285,-0.00261
1505,17.364,22015.0,id,8.958,0.0,-16.003,-0.03324,-0.00101
1506,17.374,22025.0,id,8.863,0.0,-11.478,0.02433,0.00083
1507,17.384,22035.0,id,8.866,0.0,-3.59,0.07695,0.00251
1508,17.394,22045.0,id,8.949,0.0,4.071,0.1131,0.00364
1509,17.404,22055.0,id,9.089,0.0,10.465,0.12498,0.004
1510,17.414,22065.0,id,9.291,0.0,16.49,0.1102,0.0035
1511,17.424,22075.0,id,9.474,0.0,17.27,0.07215,0.00226
1512,17.434,22085.0,id,9.601,0.0,14.216,0.01951,0.00057
1513,17.444,22095.0,id,9.669,0.0,9.236,-0.03782,-0.00126
1514,17.454,22105.0,id,9.658,0.0,2.289,-0.08785,-0.00285
1515,17.464,22115.0,id,9.575,0.0,-4.654,-0.1181,-0.0038
1516,17.474,22125.0,id,9.409,0.0,-12.412,-0.12386,-0.00396
1517,17.484,22135.0,id,9.196,0.0,-17.753,-0.1023,-0.00324
1518,17.494,22145.0,id,9.029,0.0,-17.135,-0.06034,-0.00188
1519,17.504,22155.0,id,8.896,0.0,-14.268,-0.00356,-6e-05
1520,17.514,22165.0,id,8.85,0.0,-7.848,0.05218,0.00172
1521,17.524,22175.0,id,8.9,0.0,0.639,0.09857,0.00319
1522,17.534,22185.0,id,9.012,0.0,7.529,0.12246,0.00393
1523,17.544,22195.0,id,9.181,0.0,13.556,0.12063,0.00385
1524,17.554,22205.0,id,9.388,0.0,17.513,0.09209,0.00291
1525,17.564,22215.0,id,9.541,0.0,15.973,0.04482,0.00138
1526,17.574,22225.0,id,9.635,0.0,11.373,-0.01345,-0.00049
1527,17.584,22235.0,id,9.661,0.0,5.514,-0.06771,-0.00221
1528,17.594,22245.0,id,9.607,0.0,-1.61,-0.10799,-0.00348
1529,17.604,22255.0,id,9.471,0.0,-9.517,-0.12484,-0.004
1530,17.614,22265.0,id,9.273,0.0,-16.133,-0.11437,-0.00364
1531,17.624,22275.0,id,9.083,0.0,-17.615,-0.07932,-0.00249
1532,17.634,22285.0,id,8.928,0.0,-15.904,-0.02597,-0.00077
1533,17.644,22295.0,id,8.843,0.0,-10.794,0.03227,0.00109
1534,17.654,22305.0,id,8.865,0.0,-2.202,0.08408,0.00273
1535,17.664,22315.0,id,8.958,0.0,5.332,0.11655,0.00375
1536,17.674,22325.0,id,9.107,0.0,11.466,0.12429,0.00397
1537,17.684,22335.0,id,9.308,0.0,17.016,0.10502,0.00333
1538,17.694,22345.0,id,9.482,0.0,16.855,0.06255,0.00195
1539,17.704,22355.0,id,9.597,0.0,12.859,0.00527,0.00011
1540,17.714,22365.0,id,9.641,0.0,7.283,-0.05169,-0.00171
1541,17.724,22375.0,id,9.607,0.0,0.254,-0.09781,-0.00317
1542,17.734,22385.0,id,9.489,0.0,-7.692,-0.12273,-0.00394
1543,17.744,22395.0,id,9.299,0.0,-14.919,-0.12,-0.00382
1544,17.754,22405.0,id,9.1,0.0,-17.852,-0.09114,-0.00288
1545,17.764,22415.0,id,8.937,0.0,-16.806,-0.04281,-0.00131
1546,17.774,22425.0,id,8.825,0.0,-12.748,0.01604,0.00057
1547,17.784,22435.0,id,8.825,0.0,-4.074,0.07209,0.00235
1548,17.794,22445.0,id,8.908,0.0,3.923,0.11009,0.00355
1549,17.804,22455.0,id,9.046,0.0,10.215,0.12499,0.004
1550,17.814,22465.0,id,9.231,0.0,15.674,0.112,0.00356
1551,17.824,22475.0,id,9.423,0.0,17.526,0.07422,0.00233
1552,17.834,22485.0,id,9.554,0.0,14.122,0.01876,0.00054
1553,17.844,22495.0,id,9.604,0.0,8.084,-0.03981,-0.00133
1554,17.854,22505.0,id,9.574,0.0,0.697,-0.09036,-0.00293
1555,17.864,22515.0,id,9.459,0.0,-7.306,-0.11969,-0.00385
1556,17.874,22525.0,id,9.268,0.0,-14.775,-0.12279,-0.00392
1557,17.884,22535.0,id,9.073,0.0,-17.564,-0.09865,-0.00312
1558,17.894,22545.0,id,8.888,0.0,-17.862,-0.0515,-0.00159
1559,17.904,22555.0,id,8.768,0.0,-13.54,0.00736,0.00029
1560,17.914,22565.0,id,8.762,0.0,-4.893,0.06344,0.00208
1561,17.924,22575.0,id,8.846,0.0,3.76,0.10607,0.00343
1562,17.934,22585.0,id,8.989,0.0,10.389,0.12469,0.00399
1563,17.944,22595.0,id,9.167,0.0,15.285,0.11483,0.00365
1564,17.954,22605.0,id,9.363,0.0,17.802,0.07919,0.00249
1565,17.964,22615.0,id,9.5,0.0,14.965,0.02622,0.00078
1566,17.974,22625.0,id,9.554,0.0,8.462,-0.03333,-0.00112
1567,17.984,22635.0,id,9.509,0.0,-0.078,-0.08606,-0.0028
1568,17.994,22645.0,id,9.383,0.0,-8.145,-0.11848,-0.00381
1569,18.004,22655.0,id,9.198,0.0,-14.967,-0.12362,-0.00395
1570,18.014,22665.0,id,9.004,0.0,-17.488,-0.10036,-0.00318
1571,18.024,22675.0,id,8.817,0.0,-18.312,-0.05566,-0.00173
1572,18.034,22685.0,id,8.699,0.0,-13.51,0.00344,0.00017
1573,18.044,22695.0,id,8.704,0.0,-4.082,0.06161,0.00202
1574,18.054,22705.0,id,8.799,0.0,4.741,0.1051,0.00339
1575,18.064,22715.0,id,8.945,0.0,11.081,0.12441,0.00399
1576,18.074,22725.0,id,9.126,0.0,15.35,0.11526,0.00366
1577,18.084,22735.0,id,9.324,0.0,18.064,0.07978,0.00251
1578,18.094,22745.0,id,9.462,0.0,15.136,0.0266,0.00079
1579,18.104,22755.0,id,9.517,0.0,8.551,-0.03347,-0.00113
1580,18.114,22765.0,id,9.469,0.0,-0.259,-0.08657,-0.00281
1581,18.124,22775.0,id,9.348,0.0,-8.086,-0.11831,-0.0038
1582,18.134,22785.0,id,9.164,0.0,-14.533,-0.1234,-0.00394
1583,18.144,22795.0,id,8.966,0.0,-17.677,-0.0992,-0.00314
1584,18.154,22805.0,id,8.779,0.0,-18.318,-0.05325,-0.00165
1585,18.164,22815.0,id,8.672,0.0,-12.846,0.00649,0.00027
1586,18.174,22825.0,id,8.681,0.0,-3.67,0.06391,0.0021
1587,18.184,22835.0,id,8.781,0.0,5.215,0.10669,0.00344
1588,18.194,22845.0,id,8.94,0.0,11.938,0.12483,0.004
1589,18.204,22855.0,id,9.118,0.0,15.719,0.11351,0.00361
1590,18.214,22865.0,id,9.314,0.0,18.079,0.07589,0.00238
1591,18.224,22875.0,id,9.451,0.0,14.679,0.01946,0.00056
1592,18.234,22885.0,id,9.497,0.0,7.837,-0.04084,-0.00136
1593,18.244,22895.0,id,9.445,0.0,-0.663,-0.09107,-0.00295
1594,18.254,22905.0,id,9.313,0.0,-8.762,-0.12088,-0.00388
1595,18.264,22915.0,id,9.126,0.0,-14.82,-0.12158,-0.00388
1596,18.274,22925.0,id,8.929,0.0,-18.008,-0.094,-0.00297
1597,18.284,22935.0,id,8.75,0.0,-17.83,-0.04505,-0.00138
1598,18.294,22945.0,id,8.659,0.0,-11.606,0.01587,0.00057
1599,18.304,22955.0,id,8.682,0.0,-2.457,0.07198,0.00235
1600,18.314,22965.0,id,8.797,0.0,6.634,0.11169,0.0036
1601,18.324,22975.0,id,8.962,0.0,12.751,0.12493,0.004
1602,18.334,22985.0,id,9.141,0.0,16.096,0.10849,0.00344
1603,18.344,22995.0,id,9.336,0.0,17.962,0.06629,0.00207
1604,18.354,23005.0,id,9.455,0.0,13.565,0.00723,0.00017
1605,18.364,23015.0,id,9.482,0.0,6.191,-0.05234,-0.00173
1606,18.374,23025.0,id,9.416,0.0,-2.179,-0.09947,-0.00322
1607,18.384,23035.0,id,9.265,0.0,-10.552,-0.12359,-0.00396
1608,18.394,23045.0,id,9.081,0.0,-15.356,-0.11772,-0.00375
1609,18.404,23055.0,id,8.882,0.0,-18.215,-0.08398,-0.00264
1610,18.414,23065.0,id,8.715,0.0,-16.58,-0.02919,-0.00087
1611,18.424,23075.0,id,8.655,0.0,-9.523,0.03051,0.00103
1612,18.434,23085.0,id,8.704,0.0,0.02,0.08518,0.00277
1613,18.444,23095.0,id,8.833,0.0,8.349,0.11809,0.0038
1614,18.454,23105.0,id,9.004,0.0,13.858,0.12331,0.00394
1615,18.464,23115.0,id,9.195,0.0,16.969,0.09814,0.0031
1616,18.474,23125.0,id,9.37,0.0,16.978,0.05049,0.00156
1617,18.484,23135.0,id,9.466,0.0,11.78,-0.01069,-0.0004
1618,18.494,23145.0,id,9.463,0.0,3.633,-0.0694,-0.00227
1619,18.504,23155.0,id,9.371,0.0,-4.728,-0.11066,-0.00357
1620,18.514,23165.0,id,9.204,0.0,-12.469,-0.125,-0.004
1621,18.524,23175.0,id,9.017,0.0,-16.511,-0.10985,-0.00349
1622,18.534,23185.0,id,8.819,0.0,-18.423,-0.0681,-0.00213
1623,18.544,23195.0,id,8.681,0.0,-14.788,-0.00897,-0.00023
1624,18.554,23205.0,id,8.661,0.0,-6.204,0.05148,0.0017
1625,18.564,23215.0,id,8.744,0.0,3.282,0.10042,0.00325
1626,18.574,23225.0,id,8.894,0.0,10.857,0.12368,0.00397
1627,18.584,23235.0,id,9.069,0.0,15.021,0.11732,0.00373
1628,18.594,23245.0,id,9.264,0.0,17.916,0.08269,0.0026
1629,18.604,23255.0,id,9.414,0.0,15.396,0.02659,0.00079
1630,18.614,23265.0,id,9.472,0.0,8.886,-0.03511,-0.00118
1631,18.624,23275.0,id,9.431,0.0,0.237,-0.08881,-0.00289
1632,18.634,23285.0,id,9.308,0.0,-8.015,-0.11989,-0.00385
1633,18.644,23295.0,id,9.126,0.0,-14.365,-0.12212,-0.00389
1634,18.654,23305.0,id,8.931,0.0,-17.74,-0.09462,-0.00299
1635,18.664,23315.0,id,8.747,0.0,-17.632,-0.04293,-0.00132
1636,18.674,23325.0,id,8.659,0.0,-11.357,0.01925,0.00068
1637,18.684,23335.0,id,8.688,0.0,-1.935,0.07587,0.00248
1638,18.694,23345.0,id,8.808,0.0,7.137,0.11444,0.00369
1639,18.704,23355.0,id,8.975,0.0,13.212,0.12445,0.00398
1640,18.714,23365.0,id,9.156,0.0,16.413,0.10377,0.00329
1641,18.724,23375.0,id,9.345,0.0,17.523,0.05692,0.00177
1642,18.734,23385.0,id,9.449,0.0,12.74,-0.00304,-0.00016
1643,18.744,23395.0,id,9.46,0.0,4.858,-0.06359,-0.00209
1644,18.754,23405.0,id,9.377,0.0,-3.736,-0.10758,-0.00347
1645,18.764,23415.0,id,9.21,0.0,-12.029,-0.12497,-0.004
1646,18.774,23425.0,id,9.027,0.0,-15.979,-0.11095,-0.00352
1647,18.784,23435.0,id,8.827,0.0,-18.393,-0.06936,-0.00217
1648,18.794,23445.0,id,8.687,0.0,-15.232,-0.01116,-0.0003
1649,18.804,23455.0,id,8.664,0.0,-6.402,0.05196,0.00172
1650,18.814,23465.0,id,8.747,0.0,3.222,0.10035,0.00325
1651,18.824,23475.0,id,8.894,0.0,10.7,0.12378,0.00397
1652,18.834,23485.0,id,9.075,0.0,15.198,0.11613,0.00369
1653,18.844,23495.0,id,9.268,0.0,17.905,0.07942,0.00249
1654,18.854,23505.0,id,9.411,0.0,15.301,0.02336,0.00069
1655,18.864,23515.0,id,9.463,0.0,8.264,-0.04085,-0.00136
1656,18.874,23525.0,id,9.417,0.0,-0.155,-0.09254,-0.003
1657,18.884,23535.0,id,9.285,0.0,-8.684,-0.12155,-0.0039
1658,18.894,23545.0,id,9.103,0.0,-14.552,-0.12031,-0.00383
1659,18.904,23555.0,id,8.9,0.0,-17.933,-0.08769,-0.00276
1660,18.914,23565.0,id,8.728,0.0,-17.194,-0.03391,-0.00102
1661,18.924,23575.0,id,8.659,0.0,-10.134,0.02917,0.00099
1662,18.934,23585.0,id,8.705,0.0,-0.46,0.08434,0.00274
1663,18.944,23595.0,id,8.836,0.0,8.184,0.11894,0.00383
1664,18.954,23605.0,id,9.008,0.0,13.745,0.12248,0.00391
1665,18.964,23615.0,id,9.193,0.0,16.858,0.09514,0.003
1666,18.974,23625.0,id,9.37,0.0,16.705,0.04268,0.00131
1667,18.984,23635.0,id,9.452,0.0,10.829,-0.02072,-0.00072
1668,18.994,23645.0,id,9.437,0.0,2.658,-0.07746,-0.00253
1669,19.004,23655.0,id,9.328,0.0,-6.205,-0.1161,-0.00374
1670,19.014,23665.0,id,9.155,0.0,-13.423,-0.12408,-0.00396
1671,19.024,23675.0,id,8.963,0.0,-16.921,-0.10008,-0.00316
1672,19.034,23685.0,id,8.77,0.0,-18.034,-0.05012,-0.00155
1673,19.044,23695.0,id,8.669,0.0,-12.692,0.01117,0.00042
1674,19.054,23705.0,id,8.684,0.0,-3.267,0.07061,0.00231
1675,19.064,23715.0,id,8.794,0.0,6.063,0.11219,0.00362
1676,19.074,23725.0,id,8.958,0.0,12.518,0.12474,0.00399
1677,19.084,23735.0,id,9.138,0.0,15.966,0.10502,0.00333
1678,19.094,23745.0,id,9.328,0.0,17.489,0.05788,0.0018
1679,19.104,23755.0,id,9.437,0.0,12.699,-0.0052,-0.00023
1680,19.114,23765.0,id,9.445,0.0,4.819,-0.06495,-0.00213
1681,19.124,23775.0,id,9.359,0.0,-3.98,-0.10926,-0.00353
1682,19.134,23785.0,id,9.19,0.0,-12.169,-0.12498,-0.004
1683,19.144,23795.0,id,9.004,0.0,-16.359,-0.10809,-0.00343
1684,19.154,23805.0,id,8.808,0.0,-18.221,-0.063,-0.00196
1685,19.164,23815.0,id,8.679,0.0,-14.079,-0.00055,5e-05
1686,19.174,23825.0,id,8.673,0.0,-5.072,0.06096,0.00201
1687,19.184,23835.0,id,8.767,0.0,4.309,0.10682,0.00345
1688,19.194,23845.0,id,8.926,0.0,11.559,0.12497,0.004
1689,19.204,23855.0,id,9.106,0.0,15.645,0.11024,0.0035
1690,19.214,23865.0,id,9.297,0.0,17.713,0.06648,0.00207
1691,19.224,23875.0,id,9.422,0.0,13.686,0.00434,7e-05
1692,19.234,23885.0,id,9.445,0.0,6.149,-0.05724,-0.00189
1693,19.244,23895.0,id,9.37,0.0,-2.853,-0.10467,-0.00338
1694,19.254,23905.0,id,9.21,0.0,-11.276,-0.12484,-0.004
1695,19.264,23915.0,id,9.027,0.0,-15.752,-0.11175,-0.00355
1696,19.274,23925.0,id,8.828,0.0,-18.248,-0.0692,-0.00216
1697,19.284,23935.0,id,8.69,0.0,-15.012,-0.00917,-0.00023
1698,19.294,23945.0,id,8.669,0.0,-6.128,0.05542,0.00183
1699,19.304,23955.0,id,8.754,0.0,3.511,0.10347,0.00335
1700,19.314,23965.0,id,8.909,0.0,11.08,0.12472,0.00399
1701,19.324,23975.0,id,9.087,0.0,15.333,0.11251,0.00357
1702,19.334,23985.0,id,9.279,0.0,17.701,0.07046,0.0022
1703,19.344,23995.0,id,9.408,0.0,14.298,0.01061,0.00027
1704,19.354,24005.0,id,9.44,0.0,6.688,-0.05414,-0.00179
1705,19.364,24015.0,id,9.37,0.0,-2.347,-0.10311,-0.00334
1706,19.374,24025.0,id,9.216,0.0,-10.869,-0.12456,-0.00399
1707,19.384,24035.0,id,9.037,0.0,-15.35,-0.1133,-0.0036
1708,19.394,24045.0,id,8.834,0.0,-18.326,-0.07175,-0.00224
1709,19.404,24055.0,id,8.69,0.0,-15.135,-0.00994,-0.00025
1710,19.414,24065.0,id,8.665,0.0,-6.598,0.05346,0.00177
1711,19.424,24075.0,id,8.748,0.0,3.108,0.10273,0.00332
1712,19.434,24085.0,id,8.905,0.0,11.024,0.12467,0.00399
1713,19.444,24095.0,id,9.081,0.0,15.217,0.11265,0.00358
1714,19.454,24105.0,id,9.273,0.0,17.612,0.07038,0.0022
1715,19.464,24115.0,id,9.403,0.0,14.326,0.00984,0.00025
1716,19.474,24125.0,id,9.432,0.0,6.469,-0.0553,-0.00183
1717,19.484,24135.0,id,9.36,0.0,-2.527,-0.10417,-0.00337
1718,19.494,24145.0,id,9.205,0.0,-10.991,-0.12472,-0.00399
1719,19.504,24155.0,id,9.02,0.0,-15.578,-0.11137,-0.00353
1720,19.514,24165.0,id,8.82,0.0,-18.161,-0.06782,-0.00211
1721,19.524,24175.0,id,8.685,0.0,-14.741,-0.00668,-0.00015
1722,19.534,24185.0,id,8.665,0.0,-6.195,0.05664,0.00187
1723,19.544,24195.0,id,8.754,0.0,3.667,0.10498,0.00339
1724,19.554,24205.0,id,8.911,0.0,11.225,0.12491,0.004
1725,19.564,24215.0,id,9.089,0.0,15.406,0.11067,0.00351
1726,19.574,24225.0,id,9.279,0.0,17.552,0.06623,0.00206
1727,19.584,24235.0,id,9.405,0.0,13.707,0.00268,2e-05
1728,19.594,24245.0,id,9.423,0.0,5.794,-0.06049,-0.00199
1729,19.604,24255.0,id,9.34,0.0,-3.43,-0.10766,-0.00348
1730,19.614,24265.0,id,9.181,0.0,-11.514,-0.12499,-0.004
1731,19.624,24275.0,id,8.994,0.0,-15.903,-0.10779,-0.00342
1732,19.634,24285.0,id,8.793,0.0,-18.302,-0.06076,-0.00189
1733,19.644,24295.0,id,8.673,0.0,-13.928,0.00181,0.00012
1734,19.654,24305.0,id,8.672,0.0,-4.524,0.06618,0.00217
1735,19.664,24315.0,id,8.774,0.0,5.175,0.11075,0.00357
1736,19.674,24325.0,id,8.934,0.0,12.156,0.12489,0.00399
1737,19.684,24335.0,id,9.116,0.0,15.757,0.10434,0.0033
1738,19.694,24345.0,id,9.301,0.0,17.404,0.05631,0.00174
1739,19.704,24355.0,id,9.408,0.0,12.502,-0.00902,-0.00035
1740,19.714,24365.0,id,9.408,0.0,4.143,-0.07087,-0.00232
1741,19.724,24375.0,id,9.307,0.0,-5.188,-0.11354,-0.00366
1742,19.734,24385.0,id,9.138,0.0,-12.47,-0.12428,-0.00397
1743,19.744,24395.0,id,8.951,0.0,-16.565,-0.10068,-0.00318
1744,19.754,24405.0,id,8.757,0.0,-17.836,-0.04842,-0.00149
1745,19.764,24415.0,id,8.659,0.0,-12.392,0.01574,0.00057
1746,19.774,24425.0,id,8.682,0.0,-2.548,0.0778,0.00254
1747,19.784,24435.0,id,8.799,0.0,6.722,0.11631,0.00375
1748,19.794,24445.0,id,8.969,0.0,13.184,0.12334,0.00394
1749,19.804,24455.0,id,9.156,0.0,16.441,0.09485,0.00299
1750,19.814,24465.0,id,9.331,0.0,16.945,0.04115,0.00125
1751,19.824,24475.0,id,9.413,0.0,10.85,-0.02527,-0.00087
1752,19.834,24485.0,id,9.383,0.0,1.762,-0.08386,-0.00273
1753,19.844,24495.0,id,9.259,0.0,-7.52,-0.11972,-0.00385
1754,19.854,24505.0,id,9.086,0.0,-13.642,-0.12115,-0.00386
1755,19.864,24515.0,id,8.891,0.0,-17.467,-0.08886,-0.0028
1756,19.874,24525.0,id,8.715,0.0,-16.934,-0.03036,-0.00091
1757,19.884,24535.0,id,8.652,0.0,-9.661,0.0362,0.00122
1758,19.894,24545.0,id,8.705,0.0,0.202,0.09202,0.00299
1759,19.904,24555.0,id,8.848,0.0,9.221,0.12256,0.00393
1760,19.914,24565.0,id,9.024,0.0,14.533,0.11788,0.00375
1761,19.924,24575.0,id,9.208,0.0,17.039,0.08025,0.00252
1762,19.934,24585.0,id,9.362,0.0,15.565,0.02051,0.00059
1763,19.944,24595.0,id,9.406,0.0,7.801,-0.0475,-0.00158
1764,19.954,24605.0,id,9.343,0.0,-1.476,-0.0999,-0.00324
1765,19.964,24615.0,id,9.196,0.0,-10.098,-0.12421,-0.00398
1766,19.974,24625.0,id,9.015,0.0,-15.043,-0.11302,-0.00359
1767,19.984,24635.0,id,8.814,0.0,-18.127,-0.06961,-0.00217
1768,19.994,24645.0,id,8.678,0.0,-14.977,-0.00746,-0.00017
1769,20.004,24655.0,id,8.658,0.0,-6.057,0.05952,0.00196
1770,20.014,24665.0,id,8.748,0.0,3.82,0.10768,0.00348
1771,20.024,24675.0,id,8.906,0.0,11.453,0.125,0.004
1772,20.034,24685.0,id,9.086,0.0,15.541,0.10727,0.0034
1773,20.044,24695.0,id,9.274,0.0,17.472,0.0584,0.00181
1774,20.054,24705.0,id,9.388,0.0,12.919,-0.00792,-0.00032
1775,20.064,24715.0,id,9.388,0.0,4.334,-0.07067,-0.00232
1776,20.074,24725.0,id,9.285,0.0,-5.217,-0.11399,-0.00367
1777,20.084,24735.0,id,9.12,0.0,-12.269,-0.12399,-0.00396
1778,20.094,24745.0,id,8.931,0.0,-16.541,-0.0983,-0.0031
1779,20.104,24755.0,id,8.741,0.0,-17.518,-0.04342,-0.00133
1780,20.114,24765.0,id,8.652,0.0,-11.402,0.0241,0.00084
